START TRANSACTION;
INSERT INTO baseline_condition (patient_id,version,peripheral_edema_level_id,ascites_id,lvef_id,right_ventricle_status_id,right_ventricle_dilatation_id,lvdtdd,lvesd,volume_end_sistole,volume_end_diastole,hemodynamic_data_systolic_arterial_pressure,hemodynamic_data_average_arterial_pulmonary_pressure,hemodynamic_data_pulmonary_capillary_pressure,hemodynamic_data_transpulmonary_gradient,hemodynamic_data_central_venous_pressure,hemodynamic_data_systemic_vascular_resistance,hemodynamic_data_pulmonary_vascular_resistance,hemodynamic_data_cardiac_output,hemodynamic_data_cardiac_index,six_minutes_test_distance_metres,six_minutes_test_distancev02,sodium,potassium,creatinine,urea,alt,ast,ldh,cpk,bilirubin,leukocytes,hemoglobin,platelets,inr,ntprobnp,crp,nyha_id) VALUES (20,0,3,2,95,99,102,null,null,null,null,62.00,41.00,25.00,16.00,6.00,null,5.90,2.70,1.58,424.00,10.50,133.00,4.40,1.00,77.00,55.00,54.00,null,null,0.70,5.96,12.20,192.00,1.26,1523.00,6.00,153);
INSERT INTO baseline_condition (patient_id,version,peripheral_edema_level_id,ascites_id,lvef_id,right_ventricle_status_id,right_ventricle_dilatation_id,lvdtdd,lvesd,volume_end_sistole,volume_end_diastole,hemodynamic_data_systolic_arterial_pressure,hemodynamic_data_average_arterial_pulmonary_pressure,hemodynamic_data_pulmonary_capillary_pressure,hemodynamic_data_transpulmonary_gradient,hemodynamic_data_central_venous_pressure,hemodynamic_data_systemic_vascular_resistance,hemodynamic_data_pulmonary_vascular_resistance,hemodynamic_data_cardiac_output,hemodynamic_data_cardiac_index,six_minutes_test_distance_metres,six_minutes_test_distancev02,sodium,potassium,creatinine,urea,alt,ast,ldh,cpk,bilirubin,leukocytes,hemoglobin,platelets,inr,ntprobnp,crp,nyha_id) VALUES (21,0,3,2,95,97,102,null,null,null,null,null,null,null,null,null,null,null,null,null,null,null,135.00,3.50,1.60,220.00,31.00,21.00,null,null,0.50,8100.00,12.50,535000.00,1.13,8581.00,null,153);
INSERT INTO baseline_condition (patient_id,version,peripheral_edema_level_id,ascites_id,lvef_id,right_ventricle_status_id,right_ventricle_dilatation_id,lvdtdd,lvesd,volume_end_sistole,volume_end_diastole,hemodynamic_data_systolic_arterial_pressure,hemodynamic_data_average_arterial_pulmonary_pressure,hemodynamic_data_pulmonary_capillary_pressure,hemodynamic_data_transpulmonary_gradient,hemodynamic_data_central_venous_pressure,hemodynamic_data_systemic_vascular_resistance,hemodynamic_data_pulmonary_vascular_resistance,hemodynamic_data_cardiac_output,hemodynamic_data_cardiac_index,six_minutes_test_distance_metres,six_minutes_test_distancev02,sodium,potassium,creatinine,urea,alt,ast,ldh,cpk,bilirubin,leukocytes,hemoglobin,platelets,inr,ntprobnp,crp,nyha_id) VALUES (76,0,3,2,96,97,102,null,210.00,277.00,304.00,43.00,36.00,24.00,null,8.00,null,null,null,null,265.00,12.80,140.00,4.40,1.10,35.00,32.00,22.00,579.00,null,1.30,10670.00,15.80,175000.00,2.29,373.00,3.70,153);
INSERT INTO baseline_condition (patient_id,version,peripheral_edema_level_id,ascites_id,lvef_id,right_ventricle_status_id,right_ventricle_dilatation_id,lvdtdd,lvesd,volume_end_sistole,volume_end_diastole,hemodynamic_data_systolic_arterial_pressure,hemodynamic_data_average_arterial_pulmonary_pressure,hemodynamic_data_pulmonary_capillary_pressure,hemodynamic_data_transpulmonary_gradient,hemodynamic_data_central_venous_pressure,hemodynamic_data_systemic_vascular_resistance,hemodynamic_data_pulmonary_vascular_resistance,hemodynamic_data_cardiac_output,hemodynamic_data_cardiac_index,six_minutes_test_distance_metres,six_minutes_test_distancev02,sodium,potassium,creatinine,urea,alt,ast,ldh,cpk,bilirubin,leukocytes,hemoglobin,platelets,inr,ntprobnp,crp,nyha_id) VALUES (77,0,2,3,95,99,102,730.00,590.00,168.00,227.00,80.00,51.00,24.00,27.00,12.00,null,7.50,3.60,1.80,310.00,null,132.00,5.00,0.90,116.00,21.00,17.00,470.00,null,1.00,7890.00,14.70,182000.00,1.54,17348.00,4.80,150);
INSERT INTO baseline_condition (patient_id,version,peripheral_edema_level_id,ascites_id,lvef_id,right_ventricle_status_id,right_ventricle_dilatation_id,lvdtdd,lvesd,volume_end_sistole,volume_end_diastole,hemodynamic_data_systolic_arterial_pressure,hemodynamic_data_average_arterial_pulmonary_pressure,hemodynamic_data_pulmonary_capillary_pressure,hemodynamic_data_transpulmonary_gradient,hemodynamic_data_central_venous_pressure,hemodynamic_data_systemic_vascular_resistance,hemodynamic_data_pulmonary_vascular_resistance,hemodynamic_data_cardiac_output,hemodynamic_data_cardiac_index,six_minutes_test_distance_metres,six_minutes_test_distancev02,sodium,potassium,creatinine,urea,alt,ast,ldh,cpk,bilirubin,leukocytes,hemoglobin,platelets,inr,ntprobnp,crp,nyha_id) VALUES (78,0,2,2,94,98,102,740.00,null,170.00,245.00,71.00,47.00,34.00,13.00,14.00,966.00,2.50,5.13,2.59,310.00,null,127.00,3.60,0.80,66.00,79.00,15.00,null,null,5.00,9300.00,11.40,348000.00,1.49,1835.00,null,153);
INSERT INTO baseline_condition (patient_id,version,peripheral_edema_level_id,ascites_id,lvef_id,right_ventricle_status_id,right_ventricle_dilatation_id,lvdtdd,lvesd,volume_end_sistole,volume_end_diastole,hemodynamic_data_systolic_arterial_pressure,hemodynamic_data_average_arterial_pulmonary_pressure,hemodynamic_data_pulmonary_capillary_pressure,hemodynamic_data_transpulmonary_gradient,hemodynamic_data_central_venous_pressure,hemodynamic_data_systemic_vascular_resistance,hemodynamic_data_pulmonary_vascular_resistance,hemodynamic_data_cardiac_output,hemodynamic_data_cardiac_index,six_minutes_test_distance_metres,six_minutes_test_distancev02,sodium,potassium,creatinine,urea,alt,ast,ldh,cpk,bilirubin,leukocytes,hemoglobin,platelets,inr,ntprobnp,crp,nyha_id) VALUES (84,0,2,2,94,97,102,650.00,560.00,83.00,120.00,54.00,30.00,22.00,8.00,8.00,null,1.55,5.14,2.84,392.00,13.10,133.00,3.90,1.00,48.00,20.00,29.00,null,null,0.60,4100.00,10.30,230000.00,3.50,4947.00,null,153);
INSERT INTO baseline_condition (patient_id,version,peripheral_edema_level_id,ascites_id,lvef_id,right_ventricle_status_id,right_ventricle_dilatation_id,lvdtdd,lvesd,volume_end_sistole,volume_end_diastole,hemodynamic_data_systolic_arterial_pressure,hemodynamic_data_average_arterial_pulmonary_pressure,hemodynamic_data_pulmonary_capillary_pressure,hemodynamic_data_transpulmonary_gradient,hemodynamic_data_central_venous_pressure,hemodynamic_data_systemic_vascular_resistance,hemodynamic_data_pulmonary_vascular_resistance,hemodynamic_data_cardiac_output,hemodynamic_data_cardiac_index,six_minutes_test_distance_metres,six_minutes_test_distancev02,sodium,potassium,creatinine,urea,alt,ast,ldh,cpk,bilirubin,leukocytes,hemoglobin,platelets,inr,ntprobnp,crp,nyha_id) VALUES (85,0,2,2,96,98,102,670.00,600.00,130.00,159.00,40.00,29.00,21.00,8.00,11.00,null,null,3.90,1.98,null,10.60,139.00,3.80,1.40,75.00,43.00,38.00,460.00,null,0.50,5280.00,14.20,151000.00,2.80,6743.00,98.00,153);
INSERT INTO baseline_condition (patient_id,version,peripheral_edema_level_id,ascites_id,lvef_id,right_ventricle_status_id,right_ventricle_dilatation_id,lvdtdd,lvesd,volume_end_sistole,volume_end_diastole,hemodynamic_data_systolic_arterial_pressure,hemodynamic_data_average_arterial_pulmonary_pressure,hemodynamic_data_pulmonary_capillary_pressure,hemodynamic_data_transpulmonary_gradient,hemodynamic_data_central_venous_pressure,hemodynamic_data_systemic_vascular_resistance,hemodynamic_data_pulmonary_vascular_resistance,hemodynamic_data_cardiac_output,hemodynamic_data_cardiac_index,six_minutes_test_distance_metres,six_minutes_test_distancev02,sodium,potassium,creatinine,urea,alt,ast,ldh,cpk,bilirubin,leukocytes,hemoglobin,platelets,inr,ntprobnp,crp,nyha_id) VALUES (87,0,1,2,91,97,102,null,null,null,null,null,null,null,null,null,null,null,null,null,null,null,null,null,null,null,null,null,null,null,null,null,null,null,null,null,null,150);
INSERT INTO baseline_condition (patient_id,version,peripheral_edema_level_id,ascites_id,lvef_id,right_ventricle_status_id,right_ventricle_dilatation_id,lvdtdd,lvesd,volume_end_sistole,volume_end_diastole,hemodynamic_data_systolic_arterial_pressure,hemodynamic_data_average_arterial_pulmonary_pressure,hemodynamic_data_pulmonary_capillary_pressure,hemodynamic_data_transpulmonary_gradient,hemodynamic_data_central_venous_pressure,hemodynamic_data_systemic_vascular_resistance,hemodynamic_data_pulmonary_vascular_resistance,hemodynamic_data_cardiac_output,hemodynamic_data_cardiac_index,six_minutes_test_distance_metres,six_minutes_test_distancev02,sodium,potassium,creatinine,urea,alt,ast,ldh,cpk,bilirubin,leukocytes,hemoglobin,platelets,inr,ntprobnp,crp,nyha_id) VALUES (108,0,3,2,95,97,102,47.00,null,58.00,90.00,38.00,27.00,23.00,4.00,4.00,86.35,1.10,3.40,2.20,null,null,140.00,4.40,2.20,75.00,28.00,19.00,396.00,null,0.40,12250.00,9.00,362000.00,1.12,21943.00,14.50,153);
INSERT INTO baseline_condition (patient_id,version,peripheral_edema_level_id,ascites_id,lvef_id,right_ventricle_status_id,right_ventricle_dilatation_id,lvdtdd,lvesd,volume_end_sistole,volume_end_diastole,hemodynamic_data_systolic_arterial_pressure,hemodynamic_data_average_arterial_pulmonary_pressure,hemodynamic_data_pulmonary_capillary_pressure,hemodynamic_data_transpulmonary_gradient,hemodynamic_data_central_venous_pressure,hemodynamic_data_systemic_vascular_resistance,hemodynamic_data_pulmonary_vascular_resistance,hemodynamic_data_cardiac_output,hemodynamic_data_cardiac_index,six_minutes_test_distance_metres,six_minutes_test_distancev02,sodium,potassium,creatinine,urea,alt,ast,ldh,cpk,bilirubin,leukocytes,hemoglobin,platelets,inr,ntprobnp,crp,nyha_id) VALUES (115,0,2,2,96,99,102,68.00,null,206.00,228.00,55.00,39.00,27.00,12.00,13.00,null,4.10,2.90,1.80,null,12.00,133.00,4.22,1.29,null,33.00,25.00,328.00,null,2.32,5.70,13.10,231.00,1.13,9421.00,null,150);
INSERT INTO baseline_condition (patient_id,version,peripheral_edema_level_id,ascites_id,lvef_id,right_ventricle_status_id,right_ventricle_dilatation_id,lvdtdd,lvesd,volume_end_sistole,volume_end_diastole,hemodynamic_data_systolic_arterial_pressure,hemodynamic_data_average_arterial_pulmonary_pressure,hemodynamic_data_pulmonary_capillary_pressure,hemodynamic_data_transpulmonary_gradient,hemodynamic_data_central_venous_pressure,hemodynamic_data_systemic_vascular_resistance,hemodynamic_data_pulmonary_vascular_resistance,hemodynamic_data_cardiac_output,hemodynamic_data_cardiac_index,six_minutes_test_distance_metres,six_minutes_test_distancev02,sodium,potassium,creatinine,urea,alt,ast,ldh,cpk,bilirubin,leukocytes,hemoglobin,platelets,inr,ntprobnp,crp,nyha_id) VALUES (121,0,2,2,95,98,102,640.00,540.00,147.00,206.00,66.00,37.00,18.00,19.00,null,1622.00,4.70,null,2.30,null,11.20,142.00,3.80,1.04,49.00,null,null,null,null,null,6700.00,11.50,453.00,null,null,null,150);
INSERT INTO baseline_condition (patient_id,version,peripheral_edema_level_id,ascites_id,lvef_id,right_ventricle_status_id,right_ventricle_dilatation_id,lvdtdd,lvesd,volume_end_sistole,volume_end_diastole,hemodynamic_data_systolic_arterial_pressure,hemodynamic_data_average_arterial_pulmonary_pressure,hemodynamic_data_pulmonary_capillary_pressure,hemodynamic_data_transpulmonary_gradient,hemodynamic_data_central_venous_pressure,hemodynamic_data_systemic_vascular_resistance,hemodynamic_data_pulmonary_vascular_resistance,hemodynamic_data_cardiac_output,hemodynamic_data_cardiac_index,six_minutes_test_distance_metres,six_minutes_test_distancev02,sodium,potassium,creatinine,urea,alt,ast,ldh,cpk,bilirubin,leukocytes,hemoglobin,platelets,inr,ntprobnp,crp,nyha_id) VALUES (123,0,3,2,94,97,102,83.00,76.00,165.00,240.00,90.00,60.00,34.00,26.00,20.00,null,10.00,2.50,1.30,null,null,133.00,4.50,1.20,72.00,26.00,18.20,null,null,1.90,7900.00,14.90,211000.00,1.30,7142.00,null,150);
INSERT INTO baseline_condition (patient_id,version,peripheral_edema_level_id,ascites_id,lvef_id,right_ventricle_status_id,right_ventricle_dilatation_id,lvdtdd,lvesd,volume_end_sistole,volume_end_diastole,hemodynamic_data_systolic_arterial_pressure,hemodynamic_data_average_arterial_pulmonary_pressure,hemodynamic_data_pulmonary_capillary_pressure,hemodynamic_data_transpulmonary_gradient,hemodynamic_data_central_venous_pressure,hemodynamic_data_systemic_vascular_resistance,hemodynamic_data_pulmonary_vascular_resistance,hemodynamic_data_cardiac_output,hemodynamic_data_cardiac_index,six_minutes_test_distance_metres,six_minutes_test_distancev02,sodium,potassium,creatinine,urea,alt,ast,ldh,cpk,bilirubin,leukocytes,hemoglobin,platelets,inr,ntprobnp,crp,nyha_id) VALUES (125,0,2,2,96,98,102,72.00,65.00,null,null,49.00,33.00,22.00,11.00,14.00,null,2.20,4.90,2.60,null,null,141.00,4.50,1.50,33.00,19.00,17.00,null,null,1.34,9700.00,15.20,193000.00,3.70,3662.00,null,150);
INSERT INTO baseline_condition (patient_id,version,peripheral_edema_level_id,ascites_id,lvef_id,right_ventricle_status_id,right_ventricle_dilatation_id,lvdtdd,lvesd,volume_end_sistole,volume_end_diastole,hemodynamic_data_systolic_arterial_pressure,hemodynamic_data_average_arterial_pulmonary_pressure,hemodynamic_data_pulmonary_capillary_pressure,hemodynamic_data_transpulmonary_gradient,hemodynamic_data_central_venous_pressure,hemodynamic_data_systemic_vascular_resistance,hemodynamic_data_pulmonary_vascular_resistance,hemodynamic_data_cardiac_output,hemodynamic_data_cardiac_index,six_minutes_test_distance_metres,six_minutes_test_distancev02,sodium,potassium,creatinine,urea,alt,ast,ldh,cpk,bilirubin,leukocytes,hemoglobin,platelets,inr,ntprobnp,crp,nyha_id) VALUES (126,0,3,2,96,99,102,85.00,75.00,380.00,325.00,83.00,56.00,40.00,16.00,20.00,null,5.00,3.10,1.65,null,6.00,134.00,3.80,0.70,12.00,40.00,25.00,null,null,0.60,5100.00,12.60,167000.00,1.20,2852.00,null,150);
INSERT INTO baseline_condition (patient_id,version,peripheral_edema_level_id,ascites_id,lvef_id,right_ventricle_status_id,right_ventricle_dilatation_id,lvdtdd,lvesd,volume_end_sistole,volume_end_diastole,hemodynamic_data_systolic_arterial_pressure,hemodynamic_data_average_arterial_pulmonary_pressure,hemodynamic_data_pulmonary_capillary_pressure,hemodynamic_data_transpulmonary_gradient,hemodynamic_data_central_venous_pressure,hemodynamic_data_systemic_vascular_resistance,hemodynamic_data_pulmonary_vascular_resistance,hemodynamic_data_cardiac_output,hemodynamic_data_cardiac_index,six_minutes_test_distance_metres,six_minutes_test_distancev02,sodium,potassium,creatinine,urea,alt,ast,ldh,cpk,bilirubin,leukocytes,hemoglobin,platelets,inr,ntprobnp,crp,nyha_id) VALUES (147,0,1,2,96,97,102,null,null,null,null,65.00,null,25.00,null,null,15.00,null,null,null,null,null,137.00,3.30,1.12,null,18.00,18.00,null,null,2.10,7.64,4.90,null,1.03,null,null,153);
INSERT INTO baseline_condition (patient_id,version,peripheral_edema_level_id,ascites_id,lvef_id,right_ventricle_status_id,right_ventricle_dilatation_id,lvdtdd,lvesd,volume_end_sistole,volume_end_diastole,hemodynamic_data_systolic_arterial_pressure,hemodynamic_data_average_arterial_pulmonary_pressure,hemodynamic_data_pulmonary_capillary_pressure,hemodynamic_data_transpulmonary_gradient,hemodynamic_data_central_venous_pressure,hemodynamic_data_systemic_vascular_resistance,hemodynamic_data_pulmonary_vascular_resistance,hemodynamic_data_cardiac_output,hemodynamic_data_cardiac_index,six_minutes_test_distance_metres,six_minutes_test_distancev02,sodium,potassium,creatinine,urea,alt,ast,ldh,cpk,bilirubin,leukocytes,hemoglobin,platelets,inr,ntprobnp,crp,nyha_id) VALUES (150,0,3,2,95,98,102,680.00,580.00,null,null,96.00,55.00,38.00,17.00,null,null,3.90,4.30,2.10,null,null,136.00,3.50,1.17,90.00,15.00,17.00,null,82.00,1.25,9580.00,14.50,177000.00,null,4450.00,null,153);
INSERT INTO baseline_condition (patient_id,version,peripheral_edema_level_id,ascites_id,lvef_id,right_ventricle_status_id,right_ventricle_dilatation_id,lvdtdd,lvesd,volume_end_sistole,volume_end_diastole,hemodynamic_data_systolic_arterial_pressure,hemodynamic_data_average_arterial_pulmonary_pressure,hemodynamic_data_pulmonary_capillary_pressure,hemodynamic_data_transpulmonary_gradient,hemodynamic_data_central_venous_pressure,hemodynamic_data_systemic_vascular_resistance,hemodynamic_data_pulmonary_vascular_resistance,hemodynamic_data_cardiac_output,hemodynamic_data_cardiac_index,six_minutes_test_distance_metres,six_minutes_test_distancev02,sodium,potassium,creatinine,urea,alt,ast,ldh,cpk,bilirubin,leukocytes,hemoglobin,platelets,inr,ntprobnp,crp,nyha_id) VALUES (151,0,3,2,94,97,102,null,null,null,null,76.00,47.00,33.00,14.00,null,null,3.10,null,null,null,null,143.00,4.20,1.90,177.00,15.00,17.00,350.00,78.00,0.26,6920.00,13.00,237000.00,null,2020.00,null,153);
INSERT INTO baseline_condition (patient_id,version,peripheral_edema_level_id,ascites_id,lvef_id,right_ventricle_status_id,right_ventricle_dilatation_id,lvdtdd,lvesd,volume_end_sistole,volume_end_diastole,hemodynamic_data_systolic_arterial_pressure,hemodynamic_data_average_arterial_pulmonary_pressure,hemodynamic_data_pulmonary_capillary_pressure,hemodynamic_data_transpulmonary_gradient,hemodynamic_data_central_venous_pressure,hemodynamic_data_systemic_vascular_resistance,hemodynamic_data_pulmonary_vascular_resistance,hemodynamic_data_cardiac_output,hemodynamic_data_cardiac_index,six_minutes_test_distance_metres,six_minutes_test_distancev02,sodium,potassium,creatinine,urea,alt,ast,ldh,cpk,bilirubin,leukocytes,hemoglobin,platelets,inr,ntprobnp,crp,nyha_id) VALUES (152,0,3,2,95,98,102,690.00,640.00,null,220.00,50.00,37.00,31.00,10.00,10.00,null,1.52,3.94,1.87,null,null,null,null,null,null,46.00,92.00,null,null,null,null,11.50,324.00,null,26428.00,null,153);
INSERT INTO baseline_condition (patient_id,version,peripheral_edema_level_id,ascites_id,lvef_id,right_ventricle_status_id,right_ventricle_dilatation_id,lvdtdd,lvesd,volume_end_sistole,volume_end_diastole,hemodynamic_data_systolic_arterial_pressure,hemodynamic_data_average_arterial_pulmonary_pressure,hemodynamic_data_pulmonary_capillary_pressure,hemodynamic_data_transpulmonary_gradient,hemodynamic_data_central_venous_pressure,hemodynamic_data_systemic_vascular_resistance,hemodynamic_data_pulmonary_vascular_resistance,hemodynamic_data_cardiac_output,hemodynamic_data_cardiac_index,six_minutes_test_distance_metres,six_minutes_test_distancev02,sodium,potassium,creatinine,urea,alt,ast,ldh,cpk,bilirubin,leukocytes,hemoglobin,platelets,inr,ntprobnp,crp,nyha_id) VALUES (176,0,3,2,95,97,102,76.00,67.00,null,null,81.00,50.00,30.00,20.00,17.00,null,5.30,7.13,3.39,null,null,139.00,4.00,1.70,70.00,41.00,39.00,null,null,null,4.80,10.90,122.00,4.30,null,null,153);
INSERT INTO baseline_condition (patient_id,version,peripheral_edema_level_id,ascites_id,lvef_id,right_ventricle_status_id,right_ventricle_dilatation_id,lvdtdd,lvesd,volume_end_sistole,volume_end_diastole,hemodynamic_data_systolic_arterial_pressure,hemodynamic_data_average_arterial_pulmonary_pressure,hemodynamic_data_pulmonary_capillary_pressure,hemodynamic_data_transpulmonary_gradient,hemodynamic_data_central_venous_pressure,hemodynamic_data_systemic_vascular_resistance,hemodynamic_data_pulmonary_vascular_resistance,hemodynamic_data_cardiac_output,hemodynamic_data_cardiac_index,six_minutes_test_distance_metres,six_minutes_test_distancev02,sodium,potassium,creatinine,urea,alt,ast,ldh,cpk,bilirubin,leukocytes,hemoglobin,platelets,inr,ntprobnp,crp,nyha_id) VALUES (177,0,3,2,96,97,102,88.00,69.00,null,null,67.00,49.00,37.00,11.00,16.00,980.00,2.93,3.75,2.13,null,null,126.00,3.90,2.40,77.00,51.00,30.00,268.00,26.00,0.40,12.80,8.90,329.00,1.07,null,null,153);
INSERT INTO baseline_condition (patient_id,version,peripheral_edema_level_id,ascites_id,lvef_id,right_ventricle_status_id,right_ventricle_dilatation_id,lvdtdd,lvesd,volume_end_sistole,volume_end_diastole,hemodynamic_data_systolic_arterial_pressure,hemodynamic_data_average_arterial_pulmonary_pressure,hemodynamic_data_pulmonary_capillary_pressure,hemodynamic_data_transpulmonary_gradient,hemodynamic_data_central_venous_pressure,hemodynamic_data_systemic_vascular_resistance,hemodynamic_data_pulmonary_vascular_resistance,hemodynamic_data_cardiac_output,hemodynamic_data_cardiac_index,six_minutes_test_distance_metres,six_minutes_test_distancev02,sodium,potassium,creatinine,urea,alt,ast,ldh,cpk,bilirubin,leukocytes,hemoglobin,platelets,inr,ntprobnp,crp,nyha_id) VALUES (178,0,1,2,96,100,102,67.00,60.00,null,null,55.00,41.00,25.00,17.00,15.00,null,7.20,2.50,1.36,null,null,131.00,4.00,1.30,null,null,null,null,65.00,null,3.20,12.70,119000.00,1.59,null,null,150);
INSERT INTO baseline_condition (patient_id,version,peripheral_edema_level_id,ascites_id,lvef_id,right_ventricle_status_id,right_ventricle_dilatation_id,lvdtdd,lvesd,volume_end_sistole,volume_end_diastole,hemodynamic_data_systolic_arterial_pressure,hemodynamic_data_average_arterial_pulmonary_pressure,hemodynamic_data_pulmonary_capillary_pressure,hemodynamic_data_transpulmonary_gradient,hemodynamic_data_central_venous_pressure,hemodynamic_data_systemic_vascular_resistance,hemodynamic_data_pulmonary_vascular_resistance,hemodynamic_data_cardiac_output,hemodynamic_data_cardiac_index,six_minutes_test_distance_metres,six_minutes_test_distancev02,sodium,potassium,creatinine,urea,alt,ast,ldh,cpk,bilirubin,leukocytes,hemoglobin,platelets,inr,ntprobnp,crp,nyha_id) VALUES (188,0,2,2,96,97,102,640.00,580.00,120.00,180.00,76.00,52.00,32.00,20.00,null,null,10.60,1.88,null,null,5.00,131.00,4.77,1.38,null,25.00,20.00,232.00,null,1.43,10.50,14.00,176.00,1.06,null,null,150);
INSERT INTO baseline_condition (patient_id,version,peripheral_edema_level_id,ascites_id,lvef_id,right_ventricle_status_id,right_ventricle_dilatation_id,lvdtdd,lvesd,volume_end_sistole,volume_end_diastole,hemodynamic_data_systolic_arterial_pressure,hemodynamic_data_average_arterial_pulmonary_pressure,hemodynamic_data_pulmonary_capillary_pressure,hemodynamic_data_transpulmonary_gradient,hemodynamic_data_central_venous_pressure,hemodynamic_data_systemic_vascular_resistance,hemodynamic_data_pulmonary_vascular_resistance,hemodynamic_data_cardiac_output,hemodynamic_data_cardiac_index,six_minutes_test_distance_metres,six_minutes_test_distancev02,sodium,potassium,creatinine,urea,alt,ast,ldh,cpk,bilirubin,leukocytes,hemoglobin,platelets,inr,ntprobnp,crp,nyha_id) VALUES (197,0,1,2,91,97,102,null,null,null,null,null,null,null,null,null,null,null,null,null,null,null,null,null,null,null,null,null,null,null,null,null,null,null,null,null,null,150);
INSERT INTO baseline_condition (patient_id,version,peripheral_edema_level_id,ascites_id,lvef_id,right_ventricle_status_id,right_ventricle_dilatation_id,lvdtdd,lvesd,volume_end_sistole,volume_end_diastole,hemodynamic_data_systolic_arterial_pressure,hemodynamic_data_average_arterial_pulmonary_pressure,hemodynamic_data_pulmonary_capillary_pressure,hemodynamic_data_transpulmonary_gradient,hemodynamic_data_central_venous_pressure,hemodynamic_data_systemic_vascular_resistance,hemodynamic_data_pulmonary_vascular_resistance,hemodynamic_data_cardiac_output,hemodynamic_data_cardiac_index,six_minutes_test_distance_metres,six_minutes_test_distancev02,sodium,potassium,creatinine,urea,alt,ast,ldh,cpk,bilirubin,leukocytes,hemoglobin,platelets,inr,ntprobnp,crp,nyha_id) VALUES (199,0,1,2,91,97,102,null,null,null,null,null,null,null,null,null,null,null,null,null,null,null,null,null,null,null,null,null,null,null,null,null,null,null,null,null,null,150);
INSERT INTO baseline_condition (patient_id,version,peripheral_edema_level_id,ascites_id,lvef_id,right_ventricle_status_id,right_ventricle_dilatation_id,lvdtdd,lvesd,volume_end_sistole,volume_end_diastole,hemodynamic_data_systolic_arterial_pressure,hemodynamic_data_average_arterial_pulmonary_pressure,hemodynamic_data_pulmonary_capillary_pressure,hemodynamic_data_transpulmonary_gradient,hemodynamic_data_central_venous_pressure,hemodynamic_data_systemic_vascular_resistance,hemodynamic_data_pulmonary_vascular_resistance,hemodynamic_data_cardiac_output,hemodynamic_data_cardiac_index,six_minutes_test_distance_metres,six_minutes_test_distancev02,sodium,potassium,creatinine,urea,alt,ast,ldh,cpk,bilirubin,leukocytes,hemoglobin,platelets,inr,ntprobnp,crp,nyha_id) VALUES (204,0,3,2,96,97,102,43.00,42.00,48.00,50.00,null,null,null,null,null,null,null,null,null,null,null,138.00,3.70,0.25,32.00,36.00,14.00,312.00,null,0.20,9.60,10.10,533.00,1.00,34510.00,2.90,150);
INSERT INTO baseline_condition (patient_id,version,peripheral_edema_level_id,ascites_id,lvef_id,right_ventricle_status_id,right_ventricle_dilatation_id,lvdtdd,lvesd,volume_end_sistole,volume_end_diastole,hemodynamic_data_systolic_arterial_pressure,hemodynamic_data_average_arterial_pulmonary_pressure,hemodynamic_data_pulmonary_capillary_pressure,hemodynamic_data_transpulmonary_gradient,hemodynamic_data_central_venous_pressure,hemodynamic_data_systemic_vascular_resistance,hemodynamic_data_pulmonary_vascular_resistance,hemodynamic_data_cardiac_output,hemodynamic_data_cardiac_index,six_minutes_test_distance_metres,six_minutes_test_distancev02,sodium,potassium,creatinine,urea,alt,ast,ldh,cpk,bilirubin,leukocytes,hemoglobin,platelets,inr,ntprobnp,crp,nyha_id) VALUES (229,0,1,2,96,99,102,52.00,47.00,139.00,158.00,null,null,null,null,null,null,null,null,null,null,null,136.00,3.50,1.20,69.00,13.00,11.00,242.00,null,0.78,7590.00,15.40,249.00,1.33,5854.00,null,153);
INSERT INTO baseline_condition (patient_id,version,peripheral_edema_level_id,ascites_id,lvef_id,right_ventricle_status_id,right_ventricle_dilatation_id,lvdtdd,lvesd,volume_end_sistole,volume_end_diastole,hemodynamic_data_systolic_arterial_pressure,hemodynamic_data_average_arterial_pulmonary_pressure,hemodynamic_data_pulmonary_capillary_pressure,hemodynamic_data_transpulmonary_gradient,hemodynamic_data_central_venous_pressure,hemodynamic_data_systemic_vascular_resistance,hemodynamic_data_pulmonary_vascular_resistance,hemodynamic_data_cardiac_output,hemodynamic_data_cardiac_index,six_minutes_test_distance_metres,six_minutes_test_distancev02,sodium,potassium,creatinine,urea,alt,ast,ldh,cpk,bilirubin,leukocytes,hemoglobin,platelets,inr,ntprobnp,crp,nyha_id) VALUES (235,0,2,2,96,97,102,29.00,26.00,15.00,19.00,null,null,null,null,null,null,null,null,null,null,null,131.00,4.00,0.30,68.00,41.00,42.00,282.00,null,0.40,10.30,9.50,85.00,1.00,null,150.00,150);
INSERT INTO baseline_condition (patient_id,version,peripheral_edema_level_id,ascites_id,lvef_id,right_ventricle_status_id,right_ventricle_dilatation_id,lvdtdd,lvesd,volume_end_sistole,volume_end_diastole,hemodynamic_data_systolic_arterial_pressure,hemodynamic_data_average_arterial_pulmonary_pressure,hemodynamic_data_pulmonary_capillary_pressure,hemodynamic_data_transpulmonary_gradient,hemodynamic_data_central_venous_pressure,hemodynamic_data_systemic_vascular_resistance,hemodynamic_data_pulmonary_vascular_resistance,hemodynamic_data_cardiac_output,hemodynamic_data_cardiac_index,six_minutes_test_distance_metres,six_minutes_test_distancev02,sodium,potassium,creatinine,urea,alt,ast,ldh,cpk,bilirubin,leukocytes,hemoglobin,platelets,inr,ntprobnp,crp,nyha_id) VALUES (247,0,3,3,95,98,102,720.00,null,null,251.00,70.00,45.00,37.00,8.00,12.00,null,2.20,3.60,1.90,null,6.00,142.00,4.00,0.86,null,70.00,36.00,254.00,null,0.98,9.80,12.10,237.00,null,17893.00,null,153);
INSERT INTO baseline_condition (patient_id,version,peripheral_edema_level_id,ascites_id,lvef_id,right_ventricle_status_id,right_ventricle_dilatation_id,lvdtdd,lvesd,volume_end_sistole,volume_end_diastole,hemodynamic_data_systolic_arterial_pressure,hemodynamic_data_average_arterial_pulmonary_pressure,hemodynamic_data_pulmonary_capillary_pressure,hemodynamic_data_transpulmonary_gradient,hemodynamic_data_central_venous_pressure,hemodynamic_data_systemic_vascular_resistance,hemodynamic_data_pulmonary_vascular_resistance,hemodynamic_data_cardiac_output,hemodynamic_data_cardiac_index,six_minutes_test_distance_metres,six_minutes_test_distancev02,sodium,potassium,creatinine,urea,alt,ast,ldh,cpk,bilirubin,leukocytes,hemoglobin,platelets,inr,ntprobnp,crp,nyha_id) VALUES (258,0,2,2,96,98,102,null,null,null,null,62.00,47.00,27.00,null,12.00,null,null,2.36,1.46,348.00,8.00,141.00,4.80,1.49,null,48.00,34.00,224.00,null,1.28,7.30,12.30,209.00,2.61,5328.00,null,153);
INSERT INTO baseline_condition (patient_id,version,peripheral_edema_level_id,ascites_id,lvef_id,right_ventricle_status_id,right_ventricle_dilatation_id,lvdtdd,lvesd,volume_end_sistole,volume_end_diastole,hemodynamic_data_systolic_arterial_pressure,hemodynamic_data_average_arterial_pulmonary_pressure,hemodynamic_data_pulmonary_capillary_pressure,hemodynamic_data_transpulmonary_gradient,hemodynamic_data_central_venous_pressure,hemodynamic_data_systemic_vascular_resistance,hemodynamic_data_pulmonary_vascular_resistance,hemodynamic_data_cardiac_output,hemodynamic_data_cardiac_index,six_minutes_test_distance_metres,six_minutes_test_distancev02,sodium,potassium,creatinine,urea,alt,ast,ldh,cpk,bilirubin,leukocytes,hemoglobin,platelets,inr,ntprobnp,crp,nyha_id) VALUES (260,0,2,2,96,99,102,64.00,49.00,null,null,49.00,15.00,14.00,7.00,9.00,null,1.80,null,null,null,null,140.00,3.60,1.19,null,14.00,28.00,167.00,null,0.80,3.60,10.90,173.00,null,null,null,153);
INSERT INTO baseline_condition (patient_id,version,peripheral_edema_level_id,ascites_id,lvef_id,right_ventricle_status_id,right_ventricle_dilatation_id,lvdtdd,lvesd,volume_end_sistole,volume_end_diastole,hemodynamic_data_systolic_arterial_pressure,hemodynamic_data_average_arterial_pulmonary_pressure,hemodynamic_data_pulmonary_capillary_pressure,hemodynamic_data_transpulmonary_gradient,hemodynamic_data_central_venous_pressure,hemodynamic_data_systemic_vascular_resistance,hemodynamic_data_pulmonary_vascular_resistance,hemodynamic_data_cardiac_output,hemodynamic_data_cardiac_index,six_minutes_test_distance_metres,six_minutes_test_distancev02,sodium,potassium,creatinine,urea,alt,ast,ldh,cpk,bilirubin,leukocytes,hemoglobin,platelets,inr,ntprobnp,crp,nyha_id) VALUES (270,0,3,2,95,98,102,null,null,null,null,null,null,null,null,null,null,null,null,null,null,null,131.00,5.26,0.77,null,49.00,50.00,859.00,148.00,1.48,34.70,9.60,156.00,1.27,null,null,150);
INSERT INTO baseline_condition (patient_id,version,peripheral_edema_level_id,ascites_id,lvef_id,right_ventricle_status_id,right_ventricle_dilatation_id,lvdtdd,lvesd,volume_end_sistole,volume_end_diastole,hemodynamic_data_systolic_arterial_pressure,hemodynamic_data_average_arterial_pulmonary_pressure,hemodynamic_data_pulmonary_capillary_pressure,hemodynamic_data_transpulmonary_gradient,hemodynamic_data_central_venous_pressure,hemodynamic_data_systemic_vascular_resistance,hemodynamic_data_pulmonary_vascular_resistance,hemodynamic_data_cardiac_output,hemodynamic_data_cardiac_index,six_minutes_test_distance_metres,six_minutes_test_distancev02,sodium,potassium,creatinine,urea,alt,ast,ldh,cpk,bilirubin,leukocytes,hemoglobin,platelets,inr,ntprobnp,crp,nyha_id) VALUES (284,0,3,2,95,98,102,630.00,530.00,null,null,67.00,35.00,22.00,null,null,null,3.90,null,null,null,null,138.00,3.90,1.89,68.00,17.00,19.00,null,null,1.31,10.80,9.90,205.00,1.42,5849.00,null,150);
INSERT INTO baseline_condition (patient_id,version,peripheral_edema_level_id,ascites_id,lvef_id,right_ventricle_status_id,right_ventricle_dilatation_id,lvdtdd,lvesd,volume_end_sistole,volume_end_diastole,hemodynamic_data_systolic_arterial_pressure,hemodynamic_data_average_arterial_pulmonary_pressure,hemodynamic_data_pulmonary_capillary_pressure,hemodynamic_data_transpulmonary_gradient,hemodynamic_data_central_venous_pressure,hemodynamic_data_systemic_vascular_resistance,hemodynamic_data_pulmonary_vascular_resistance,hemodynamic_data_cardiac_output,hemodynamic_data_cardiac_index,six_minutes_test_distance_metres,six_minutes_test_distancev02,sodium,potassium,creatinine,urea,alt,ast,ldh,cpk,bilirubin,leukocytes,hemoglobin,platelets,inr,ntprobnp,crp,nyha_id) VALUES (285,0,3,2,95,98,102,630.00,530.00,null,null,67.00,35.00,22.00,null,null,null,3.90,null,null,null,null,138.00,3.90,1.89,68.00,17.00,19.00,null,null,1.31,10.80,9.90,205.00,1.42,5849.00,null,150);
INSERT INTO baseline_condition (patient_id,version,peripheral_edema_level_id,ascites_id,lvef_id,right_ventricle_status_id,right_ventricle_dilatation_id,lvdtdd,lvesd,volume_end_sistole,volume_end_diastole,hemodynamic_data_systolic_arterial_pressure,hemodynamic_data_average_arterial_pulmonary_pressure,hemodynamic_data_pulmonary_capillary_pressure,hemodynamic_data_transpulmonary_gradient,hemodynamic_data_central_venous_pressure,hemodynamic_data_systemic_vascular_resistance,hemodynamic_data_pulmonary_vascular_resistance,hemodynamic_data_cardiac_output,hemodynamic_data_cardiac_index,six_minutes_test_distance_metres,six_minutes_test_distancev02,sodium,potassium,creatinine,urea,alt,ast,ldh,cpk,bilirubin,leukocytes,hemoglobin,platelets,inr,ntprobnp,crp,nyha_id) VALUES (289,0,3,2,95,97,102,85.00,null,297.00,359.00,58.00,37.00,30.00,null,13.00,663.00,1.70,4.50,2.07,340.00,8.90,135.00,3.70,2.05,156.00,null,23.00,null,null,0.90,7.13,15.00,198.00,1.94,null,null,153);
INSERT INTO baseline_condition (patient_id,version,peripheral_edema_level_id,ascites_id,lvef_id,right_ventricle_status_id,right_ventricle_dilatation_id,lvdtdd,lvesd,volume_end_sistole,volume_end_diastole,hemodynamic_data_systolic_arterial_pressure,hemodynamic_data_average_arterial_pulmonary_pressure,hemodynamic_data_pulmonary_capillary_pressure,hemodynamic_data_transpulmonary_gradient,hemodynamic_data_central_venous_pressure,hemodynamic_data_systemic_vascular_resistance,hemodynamic_data_pulmonary_vascular_resistance,hemodynamic_data_cardiac_output,hemodynamic_data_cardiac_index,six_minutes_test_distance_metres,six_minutes_test_distancev02,sodium,potassium,creatinine,urea,alt,ast,ldh,cpk,bilirubin,leukocytes,hemoglobin,platelets,inr,ntprobnp,crp,nyha_id) VALUES (299,0,3,2,95,98,102,630.00,530.00,null,null,67.00,35.00,22.00,null,null,null,3.90,null,null,null,null,138.00,3.90,1.89,68.00,17.00,19.00,null,null,1.31,10.81,9.90,205.00,1.42,5849.00,null,150);
INSERT INTO baseline_condition (patient_id,version,peripheral_edema_level_id,ascites_id,lvef_id,right_ventricle_status_id,right_ventricle_dilatation_id,lvdtdd,lvesd,volume_end_sistole,volume_end_diastole,hemodynamic_data_systolic_arterial_pressure,hemodynamic_data_average_arterial_pulmonary_pressure,hemodynamic_data_pulmonary_capillary_pressure,hemodynamic_data_transpulmonary_gradient,hemodynamic_data_central_venous_pressure,hemodynamic_data_systemic_vascular_resistance,hemodynamic_data_pulmonary_vascular_resistance,hemodynamic_data_cardiac_output,hemodynamic_data_cardiac_index,six_minutes_test_distance_metres,six_minutes_test_distancev02,sodium,potassium,creatinine,urea,alt,ast,ldh,cpk,bilirubin,leukocytes,hemoglobin,platelets,inr,ntprobnp,crp,nyha_id) VALUES (300,0,3,2,95,99,102,580.00,470.00,214.00,244.00,74.00,48.00,26.00,null,null,null,7.79,3.05,null,null,null,131.00,4.50,0.98,null,21.00,33.00,null,null,0.89,4.94,11.90,232.00,1.17,10265.00,2.30,150);
INSERT INTO baseline_condition (patient_id,version,peripheral_edema_level_id,ascites_id,lvef_id,right_ventricle_status_id,right_ventricle_dilatation_id,lvdtdd,lvesd,volume_end_sistole,volume_end_diastole,hemodynamic_data_systolic_arterial_pressure,hemodynamic_data_average_arterial_pulmonary_pressure,hemodynamic_data_pulmonary_capillary_pressure,hemodynamic_data_transpulmonary_gradient,hemodynamic_data_central_venous_pressure,hemodynamic_data_systemic_vascular_resistance,hemodynamic_data_pulmonary_vascular_resistance,hemodynamic_data_cardiac_output,hemodynamic_data_cardiac_index,six_minutes_test_distance_metres,six_minutes_test_distancev02,sodium,potassium,creatinine,urea,alt,ast,ldh,cpk,bilirubin,leukocytes,hemoglobin,platelets,inr,ntprobnp,crp,nyha_id) VALUES (301,0,3,2,94,97,102,690.00,540.00,null,null,32.00,24.00,13.00,11.00,null,null,2.67,null,null,null,null,136.00,5.10,1.16,54.00,323.00,122.00,null,null,0.80,10.62,11.20,193.00,1.00,null,null,150);
INSERT INTO baseline_condition (patient_id,version,peripheral_edema_level_id,ascites_id,lvef_id,right_ventricle_status_id,right_ventricle_dilatation_id,lvdtdd,lvesd,volume_end_sistole,volume_end_diastole,hemodynamic_data_systolic_arterial_pressure,hemodynamic_data_average_arterial_pulmonary_pressure,hemodynamic_data_pulmonary_capillary_pressure,hemodynamic_data_transpulmonary_gradient,hemodynamic_data_central_venous_pressure,hemodynamic_data_systemic_vascular_resistance,hemodynamic_data_pulmonary_vascular_resistance,hemodynamic_data_cardiac_output,hemodynamic_data_cardiac_index,six_minutes_test_distance_metres,six_minutes_test_distancev02,sodium,potassium,creatinine,urea,alt,ast,ldh,cpk,bilirubin,leukocytes,hemoglobin,platelets,inr,ntprobnp,crp,nyha_id) VALUES (302,0,3,2,95,97,102,730.00,660.00,null,null,null,null,null,null,null,null,2.60,3.10,null,null,null,141.00,4.20,1.72,null,15.00,18.00,401.00,null,0.65,null,null,null,null,null,null,153);
INSERT INTO baseline_condition (patient_id,version,peripheral_edema_level_id,ascites_id,lvef_id,right_ventricle_status_id,right_ventricle_dilatation_id,lvdtdd,lvesd,volume_end_sistole,volume_end_diastole,hemodynamic_data_systolic_arterial_pressure,hemodynamic_data_average_arterial_pulmonary_pressure,hemodynamic_data_pulmonary_capillary_pressure,hemodynamic_data_transpulmonary_gradient,hemodynamic_data_central_venous_pressure,hemodynamic_data_systemic_vascular_resistance,hemodynamic_data_pulmonary_vascular_resistance,hemodynamic_data_cardiac_output,hemodynamic_data_cardiac_index,six_minutes_test_distance_metres,six_minutes_test_distancev02,sodium,potassium,creatinine,urea,alt,ast,ldh,cpk,bilirubin,leukocytes,hemoglobin,platelets,inr,ntprobnp,crp,nyha_id) VALUES (325,0,1,2,96,97,102,92.00,78.00,null,null,52.00,33.00,25.00,8.00,14.00,null,1.45,5.50,2.40,510.00,null,142.00,4.80,1.23,null,28.00,24.00,407.00,null,0.30,4.58,13.00,181.00,2.50,null,0.27,153);
INSERT INTO baseline_condition (patient_id,version,peripheral_edema_level_id,ascites_id,lvef_id,right_ventricle_status_id,right_ventricle_dilatation_id,lvdtdd,lvesd,volume_end_sistole,volume_end_diastole,hemodynamic_data_systolic_arterial_pressure,hemodynamic_data_average_arterial_pulmonary_pressure,hemodynamic_data_pulmonary_capillary_pressure,hemodynamic_data_transpulmonary_gradient,hemodynamic_data_central_venous_pressure,hemodynamic_data_systemic_vascular_resistance,hemodynamic_data_pulmonary_vascular_resistance,hemodynamic_data_cardiac_output,hemodynamic_data_cardiac_index,six_minutes_test_distance_metres,six_minutes_test_distancev02,sodium,potassium,creatinine,urea,alt,ast,ldh,cpk,bilirubin,leukocytes,hemoglobin,platelets,inr,ntprobnp,crp,nyha_id) VALUES (329,0,2,2,95,100,102,620.00,530.00,null,null,46.00,25.00,null,null,6.00,null,null,null,1.90,null,null,135.00,4.17,1.30,60.00,null,null,2.41,null,null,11.40,13.40,133.00,1.36,null,null,150);
INSERT INTO baseline_condition (patient_id,version,peripheral_edema_level_id,ascites_id,lvef_id,right_ventricle_status_id,right_ventricle_dilatation_id,lvdtdd,lvesd,volume_end_sistole,volume_end_diastole,hemodynamic_data_systolic_arterial_pressure,hemodynamic_data_average_arterial_pulmonary_pressure,hemodynamic_data_pulmonary_capillary_pressure,hemodynamic_data_transpulmonary_gradient,hemodynamic_data_central_venous_pressure,hemodynamic_data_systemic_vascular_resistance,hemodynamic_data_pulmonary_vascular_resistance,hemodynamic_data_cardiac_output,hemodynamic_data_cardiac_index,six_minutes_test_distance_metres,six_minutes_test_distancev02,sodium,potassium,creatinine,urea,alt,ast,ldh,cpk,bilirubin,leukocytes,hemoglobin,platelets,inr,ntprobnp,crp,nyha_id) VALUES (336,0,2,2,92,98,102,29.00,20.00,null,null,66.00,52.00,30.00,null,20.00,null,null,2.53,null,null,null,136.00,3.80,0.42,43.00,23.00,30.00,null,null,0.80,9.50,13.90,256.00,1.20,5670.00,null,150);

-- Merge tables
update patient p, baseline_condition bc set p.baseline_condition_id =bc.id where p.id = bc.patient_id and p.id < 1000;


INSERT INTO baseline_condition_type_aortic_valve_status (baseline_condition_aortic_valve_statuses_id,aortic_valve_status_id,aortic_valve_statuses_idx) VALUES ((select id from baseline_condition where patient_id=20),105,0);
INSERT INTO baseline_condition_type_aortic_valve_status (baseline_condition_aortic_valve_statuses_id,aortic_valve_status_id,aortic_valve_statuses_idx) VALUES ((select id from baseline_condition where patient_id=21),105,0);
INSERT INTO baseline_condition_type_aortic_valve_status (baseline_condition_aortic_valve_statuses_id,aortic_valve_status_id,aortic_valve_statuses_idx) VALUES ((select id from baseline_condition where patient_id=76),105,0);
INSERT INTO baseline_condition_type_aortic_valve_status (baseline_condition_aortic_valve_statuses_id,aortic_valve_status_id,aortic_valve_statuses_idx) VALUES ((select id from baseline_condition where patient_id=78),105,0);
INSERT INTO baseline_condition_type_aortic_valve_status (baseline_condition_aortic_valve_statuses_id,aortic_valve_status_id,aortic_valve_statuses_idx) VALUES ((select id from baseline_condition where patient_id=84),105,0);
INSERT INTO baseline_condition_type_aortic_valve_status (baseline_condition_aortic_valve_statuses_id,aortic_valve_status_id,aortic_valve_statuses_idx) VALUES ((select id from baseline_condition where patient_id=85),105,0);
INSERT INTO baseline_condition_type_aortic_valve_status (baseline_condition_aortic_valve_statuses_id,aortic_valve_status_id,aortic_valve_statuses_idx) VALUES ((select id from baseline_condition where patient_id=121),105,0);
INSERT INTO baseline_condition_type_aortic_valve_status (baseline_condition_aortic_valve_statuses_id,aortic_valve_status_id,aortic_valve_statuses_idx) VALUES ((select id from baseline_condition where patient_id=123),105,0);
INSERT INTO baseline_condition_type_aortic_valve_status (baseline_condition_aortic_valve_statuses_id,aortic_valve_status_id,aortic_valve_statuses_idx) VALUES ((select id from baseline_condition where patient_id=126),105,0);
INSERT INTO baseline_condition_type_aortic_valve_status (baseline_condition_aortic_valve_statuses_id,aortic_valve_status_id,aortic_valve_statuses_idx) VALUES ((select id from baseline_condition where patient_id=147),105,0);
INSERT INTO baseline_condition_type_aortic_valve_status (baseline_condition_aortic_valve_statuses_id,aortic_valve_status_id,aortic_valve_statuses_idx) VALUES ((select id from baseline_condition where patient_id=150),105,0);
INSERT INTO baseline_condition_type_aortic_valve_status (baseline_condition_aortic_valve_statuses_id,aortic_valve_status_id,aortic_valve_statuses_idx) VALUES ((select id from baseline_condition where patient_id=176),105,0);
INSERT INTO baseline_condition_type_aortic_valve_status (baseline_condition_aortic_valve_statuses_id,aortic_valve_status_id,aortic_valve_statuses_idx) VALUES ((select id from baseline_condition where patient_id=177),105,0);
INSERT INTO baseline_condition_type_aortic_valve_status (baseline_condition_aortic_valve_statuses_id,aortic_valve_status_id,aortic_valve_statuses_idx) VALUES ((select id from baseline_condition where patient_id=178),105,0);
INSERT INTO baseline_condition_type_aortic_valve_status (baseline_condition_aortic_valve_statuses_id,aortic_valve_status_id,aortic_valve_statuses_idx) VALUES ((select id from baseline_condition where patient_id=188),105,0);
INSERT INTO baseline_condition_type_aortic_valve_status (baseline_condition_aortic_valve_statuses_id,aortic_valve_status_id,aortic_valve_statuses_idx) VALUES ((select id from baseline_condition where patient_id=204),105,0);
INSERT INTO baseline_condition_type_aortic_valve_status (baseline_condition_aortic_valve_statuses_id,aortic_valve_status_id,aortic_valve_statuses_idx) VALUES ((select id from baseline_condition where patient_id=235),105,0);
INSERT INTO baseline_condition_type_aortic_valve_status (baseline_condition_aortic_valve_statuses_id,aortic_valve_status_id,aortic_valve_statuses_idx) VALUES ((select id from baseline_condition where patient_id=247),105,0);
INSERT INTO baseline_condition_type_aortic_valve_status (baseline_condition_aortic_valve_statuses_id,aortic_valve_status_id,aortic_valve_statuses_idx) VALUES ((select id from baseline_condition where patient_id=260),105,0);
INSERT INTO baseline_condition_type_aortic_valve_status (baseline_condition_aortic_valve_statuses_id,aortic_valve_status_id,aortic_valve_statuses_idx) VALUES ((select id from baseline_condition where patient_id=270),105,0);
INSERT INTO baseline_condition_type_aortic_valve_status (baseline_condition_aortic_valve_statuses_id,aortic_valve_status_id,aortic_valve_statuses_idx) VALUES ((select id from baseline_condition where patient_id=284),105,0);
INSERT INTO baseline_condition_type_aortic_valve_status (baseline_condition_aortic_valve_statuses_id,aortic_valve_status_id,aortic_valve_statuses_idx) VALUES ((select id from baseline_condition where patient_id=285),105,0);
INSERT INTO baseline_condition_type_aortic_valve_status (baseline_condition_aortic_valve_statuses_id,aortic_valve_status_id,aortic_valve_statuses_idx) VALUES ((select id from baseline_condition where patient_id=289),105,0);
INSERT INTO baseline_condition_type_aortic_valve_status (baseline_condition_aortic_valve_statuses_id,aortic_valve_status_id,aortic_valve_statuses_idx) VALUES ((select id from baseline_condition where patient_id=299),105,0);
INSERT INTO baseline_condition_type_aortic_valve_status (baseline_condition_aortic_valve_statuses_id,aortic_valve_status_id,aortic_valve_statuses_idx) VALUES ((select id from baseline_condition where patient_id=302),105,0);
INSERT INTO baseline_condition_type_aortic_valve_status (baseline_condition_aortic_valve_statuses_id,aortic_valve_status_id,aortic_valve_statuses_idx) VALUES ((select id from baseline_condition where patient_id=329),105,0);
INSERT INTO baseline_condition_type_aortic_valve_status (baseline_condition_aortic_valve_statuses_id,aortic_valve_status_id,aortic_valve_statuses_idx) VALUES ((select id from baseline_condition where patient_id=336),105,0);
INSERT INTO baseline_condition_type_aortic_valve_status (baseline_condition_aortic_valve_statuses_id,aortic_valve_status_id,aortic_valve_statuses_idx) VALUES ((select id from baseline_condition where patient_id=77),107,2);
INSERT INTO baseline_condition_type_aortic_valve_status (baseline_condition_aortic_valve_statuses_id,aortic_valve_status_id,aortic_valve_statuses_idx) VALUES ((select id from baseline_condition where patient_id=108),107,2);
INSERT INTO baseline_condition_type_aortic_valve_status (baseline_condition_aortic_valve_statuses_id,aortic_valve_status_id,aortic_valve_statuses_idx) VALUES ((select id from baseline_condition where patient_id=115),107,2);
INSERT INTO baseline_condition_type_aortic_valve_status (baseline_condition_aortic_valve_statuses_id,aortic_valve_status_id,aortic_valve_statuses_idx) VALUES ((select id from baseline_condition where patient_id=125),107,2);
INSERT INTO baseline_condition_type_aortic_valve_status (baseline_condition_aortic_valve_statuses_id,aortic_valve_status_id,aortic_valve_statuses_idx) VALUES ((select id from baseline_condition where patient_id=258),107,2);
INSERT INTO baseline_condition_type_aortic_valve_status (baseline_condition_aortic_valve_statuses_id,aortic_valve_status_id,aortic_valve_statuses_idx) VALUES ((select id from baseline_condition where patient_id=300),107,2);
INSERT INTO baseline_condition_type_aortic_valve_status (baseline_condition_aortic_valve_statuses_id,aortic_valve_status_id,aortic_valve_statuses_idx) VALUES ((select id from baseline_condition where patient_id=301),107,2);
INSERT INTO baseline_condition_type_aortic_valve_status (baseline_condition_aortic_valve_statuses_id,aortic_valve_status_id,aortic_valve_statuses_idx) VALUES ((select id from baseline_condition where patient_id=152),108,3);
INSERT INTO baseline_condition_type_aortic_valve_status (baseline_condition_aortic_valve_statuses_id,aortic_valve_status_id,aortic_valve_statuses_idx) VALUES ((select id from baseline_condition where patient_id=325),108,3);
INSERT INTO baseline_condition_type_aortic_valve_status (baseline_condition_aortic_valve_statuses_id,aortic_valve_status_id,aortic_valve_statuses_idx) VALUES ((select id from baseline_condition where patient_id=151),110,5);
INSERT INTO baseline_condition_type_aortic_valve_status (baseline_condition_aortic_valve_statuses_id,aortic_valve_status_id,aortic_valve_statuses_idx) VALUES ((select id from baseline_condition where patient_id=229),111,6);
INSERT INTO baseline_condition_type_aortic_valve_status (baseline_condition_aortic_valve_statuses_id,aortic_valve_status_id,aortic_valve_statuses_idx) VALUES ((select id from baseline_condition where patient_id=77),112,7);


INSERT INTO baseline_condition_type_mitral_valve_status (baseline_condition_mitral_valve_statuses_id,mitral_valve_status_id,mitral_valve_statuses_idx) VALUES ((select id from baseline_condition where patient_id=123),113,0);
INSERT INTO baseline_condition_type_mitral_valve_status (baseline_condition_mitral_valve_statuses_id,mitral_valve_status_id,mitral_valve_statuses_idx) VALUES ((select id from baseline_condition where patient_id=147),113,0);
INSERT INTO baseline_condition_type_mitral_valve_status (baseline_condition_mitral_valve_statuses_id,mitral_valve_status_id,mitral_valve_statuses_idx) VALUES ((select id from baseline_condition where patient_id=188),113,0);
INSERT INTO baseline_condition_type_mitral_valve_status (baseline_condition_mitral_valve_statuses_id,mitral_valve_status_id,mitral_valve_statuses_idx) VALUES ((select id from baseline_condition where patient_id=229),113,0);
INSERT INTO baseline_condition_type_mitral_valve_status (baseline_condition_mitral_valve_statuses_id,mitral_valve_status_id,mitral_valve_statuses_idx) VALUES ((select id from baseline_condition where patient_id=247),113,0);
INSERT INTO baseline_condition_type_mitral_valve_status (baseline_condition_mitral_valve_statuses_id,mitral_valve_status_id,mitral_valve_statuses_idx) VALUES ((select id from baseline_condition where patient_id=329),113,0);
INSERT INTO baseline_condition_type_mitral_valve_status (baseline_condition_mitral_valve_statuses_id,mitral_valve_status_id,mitral_valve_statuses_idx) VALUES ((select id from baseline_condition where patient_id=77),115,2);
INSERT INTO baseline_condition_type_mitral_valve_status (baseline_condition_mitral_valve_statuses_id,mitral_valve_status_id,mitral_valve_statuses_idx) VALUES ((select id from baseline_condition where patient_id=115),115,2);
INSERT INTO baseline_condition_type_mitral_valve_status (baseline_condition_mitral_valve_statuses_id,mitral_valve_status_id,mitral_valve_statuses_idx) VALUES ((select id from baseline_condition where patient_id=150),115,2);
INSERT INTO baseline_condition_type_mitral_valve_status (baseline_condition_mitral_valve_statuses_id,mitral_valve_status_id,mitral_valve_statuses_idx) VALUES ((select id from baseline_condition where patient_id=152),115,2);
INSERT INTO baseline_condition_type_mitral_valve_status (baseline_condition_mitral_valve_statuses_id,mitral_valve_status_id,mitral_valve_statuses_idx) VALUES ((select id from baseline_condition where patient_id=204),115,2);
INSERT INTO baseline_condition_type_mitral_valve_status (baseline_condition_mitral_valve_statuses_id,mitral_valve_status_id,mitral_valve_statuses_idx) VALUES ((select id from baseline_condition where patient_id=235),115,2);
INSERT INTO baseline_condition_type_mitral_valve_status (baseline_condition_mitral_valve_statuses_id,mitral_valve_status_id,mitral_valve_statuses_idx) VALUES ((select id from baseline_condition where patient_id=260),115,2);
INSERT INTO baseline_condition_type_mitral_valve_status (baseline_condition_mitral_valve_statuses_id,mitral_valve_status_id,mitral_valve_statuses_idx) VALUES ((select id from baseline_condition where patient_id=336),115,2);
INSERT INTO baseline_condition_type_mitral_valve_status (baseline_condition_mitral_valve_statuses_id,mitral_valve_status_id,mitral_valve_statuses_idx) VALUES ((select id from baseline_condition where patient_id=108),116,3);
INSERT INTO baseline_condition_type_mitral_valve_status (baseline_condition_mitral_valve_statuses_id,mitral_valve_status_id,mitral_valve_statuses_idx) VALUES ((select id from baseline_condition where patient_id=126),116,3);
INSERT INTO baseline_condition_type_mitral_valve_status (baseline_condition_mitral_valve_statuses_id,mitral_valve_status_id,mitral_valve_statuses_idx) VALUES ((select id from baseline_condition where patient_id=151),116,3);
INSERT INTO baseline_condition_type_mitral_valve_status (baseline_condition_mitral_valve_statuses_id,mitral_valve_status_id,mitral_valve_statuses_idx) VALUES ((select id from baseline_condition where patient_id=178),116,3);
INSERT INTO baseline_condition_type_mitral_valve_status (baseline_condition_mitral_valve_statuses_id,mitral_valve_status_id,mitral_valve_statuses_idx) VALUES ((select id from baseline_condition where patient_id=258),116,3);
INSERT INTO baseline_condition_type_mitral_valve_status (baseline_condition_mitral_valve_statuses_id,mitral_valve_status_id,mitral_valve_statuses_idx) VALUES ((select id from baseline_condition where patient_id=270),116,3);
INSERT INTO baseline_condition_type_mitral_valve_status (baseline_condition_mitral_valve_statuses_id,mitral_valve_status_id,mitral_valve_statuses_idx) VALUES ((select id from baseline_condition where patient_id=284),116,3);
INSERT INTO baseline_condition_type_mitral_valve_status (baseline_condition_mitral_valve_statuses_id,mitral_valve_status_id,mitral_valve_statuses_idx) VALUES ((select id from baseline_condition where patient_id=285),116,3);
INSERT INTO baseline_condition_type_mitral_valve_status (baseline_condition_mitral_valve_statuses_id,mitral_valve_status_id,mitral_valve_statuses_idx) VALUES ((select id from baseline_condition where patient_id=289),116,3);
INSERT INTO baseline_condition_type_mitral_valve_status (baseline_condition_mitral_valve_statuses_id,mitral_valve_status_id,mitral_valve_statuses_idx) VALUES ((select id from baseline_condition where patient_id=299),116,3);
INSERT INTO baseline_condition_type_mitral_valve_status (baseline_condition_mitral_valve_statuses_id,mitral_valve_status_id,mitral_valve_statuses_idx) VALUES ((select id from baseline_condition where patient_id=302),116,3);
INSERT INTO baseline_condition_type_mitral_valve_status (baseline_condition_mitral_valve_statuses_id,mitral_valve_status_id,mitral_valve_statuses_idx) VALUES ((select id from baseline_condition where patient_id=20),117,4);
INSERT INTO baseline_condition_type_mitral_valve_status (baseline_condition_mitral_valve_statuses_id,mitral_valve_status_id,mitral_valve_statuses_idx) VALUES ((select id from baseline_condition where patient_id=21),117,4);
INSERT INTO baseline_condition_type_mitral_valve_status (baseline_condition_mitral_valve_statuses_id,mitral_valve_status_id,mitral_valve_statuses_idx) VALUES ((select id from baseline_condition where patient_id=76),117,4);
INSERT INTO baseline_condition_type_mitral_valve_status (baseline_condition_mitral_valve_statuses_id,mitral_valve_status_id,mitral_valve_statuses_idx) VALUES ((select id from baseline_condition where patient_id=78),117,4);
INSERT INTO baseline_condition_type_mitral_valve_status (baseline_condition_mitral_valve_statuses_id,mitral_valve_status_id,mitral_valve_statuses_idx) VALUES ((select id from baseline_condition where patient_id=84),117,4);
INSERT INTO baseline_condition_type_mitral_valve_status (baseline_condition_mitral_valve_statuses_id,mitral_valve_status_id,mitral_valve_statuses_idx) VALUES ((select id from baseline_condition where patient_id=85),117,4);
INSERT INTO baseline_condition_type_mitral_valve_status (baseline_condition_mitral_valve_statuses_id,mitral_valve_status_id,mitral_valve_statuses_idx) VALUES ((select id from baseline_condition where patient_id=121),117,4);
INSERT INTO baseline_condition_type_mitral_valve_status (baseline_condition_mitral_valve_statuses_id,mitral_valve_status_id,mitral_valve_statuses_idx) VALUES ((select id from baseline_condition where patient_id=123),117,4);
INSERT INTO baseline_condition_type_mitral_valve_status (baseline_condition_mitral_valve_statuses_id,mitral_valve_status_id,mitral_valve_statuses_idx) VALUES ((select id from baseline_condition where patient_id=125),117,4);
INSERT INTO baseline_condition_type_mitral_valve_status (baseline_condition_mitral_valve_statuses_id,mitral_valve_status_id,mitral_valve_statuses_idx) VALUES ((select id from baseline_condition where patient_id=176),117,4);
INSERT INTO baseline_condition_type_mitral_valve_status (baseline_condition_mitral_valve_statuses_id,mitral_valve_status_id,mitral_valve_statuses_idx) VALUES ((select id from baseline_condition where patient_id=177),117,4);
INSERT INTO baseline_condition_type_mitral_valve_status (baseline_condition_mitral_valve_statuses_id,mitral_valve_status_id,mitral_valve_statuses_idx) VALUES ((select id from baseline_condition where patient_id=300),117,4);
INSERT INTO baseline_condition_type_mitral_valve_status (baseline_condition_mitral_valve_statuses_id,mitral_valve_status_id,mitral_valve_statuses_idx) VALUES ((select id from baseline_condition where patient_id=301),117,4);
INSERT INTO baseline_condition_type_mitral_valve_status (baseline_condition_mitral_valve_statuses_id,mitral_valve_status_id,mitral_valve_statuses_idx) VALUES ((select id from baseline_condition where patient_id=325),117,4);

INSERT INTO baseline_condition_type_tricuspid_valve_status (baseline_condition_tricuspid_valve_statuses_id,tricuspid_valve_status_id,tricuspid_valve_statuses_idx) VALUES ((select id from baseline_condition where patient_id=21),121,0);
INSERT INTO baseline_condition_type_tricuspid_valve_status (baseline_condition_tricuspid_valve_statuses_id,tricuspid_valve_status_id,tricuspid_valve_statuses_idx) VALUES ((select id from baseline_condition where patient_id=147),121,0);
INSERT INTO baseline_condition_type_tricuspid_valve_status (baseline_condition_tricuspid_valve_statuses_id,tricuspid_valve_status_id,tricuspid_valve_statuses_idx) VALUES ((select id from baseline_condition where patient_id=176),121,0);
INSERT INTO baseline_condition_type_tricuspid_valve_status (baseline_condition_tricuspid_valve_statuses_id,tricuspid_valve_status_id,tricuspid_valve_statuses_idx) VALUES ((select id from baseline_condition where patient_id=177),121,0);
INSERT INTO baseline_condition_type_tricuspid_valve_status (baseline_condition_tricuspid_valve_statuses_id,tricuspid_valve_status_id,tricuspid_valve_statuses_idx) VALUES ((select id from baseline_condition where patient_id=188),121,0);
INSERT INTO baseline_condition_type_tricuspid_valve_status (baseline_condition_tricuspid_valve_statuses_id,tricuspid_valve_status_id,tricuspid_valve_statuses_idx) VALUES ((select id from baseline_condition where patient_id=204),121,0);
INSERT INTO baseline_condition_type_tricuspid_valve_status (baseline_condition_tricuspid_valve_statuses_id,tricuspid_valve_status_id,tricuspid_valve_statuses_idx) VALUES ((select id from baseline_condition where patient_id=229),121,0);
INSERT INTO baseline_condition_type_tricuspid_valve_status (baseline_condition_tricuspid_valve_statuses_id,tricuspid_valve_status_id,tricuspid_valve_statuses_idx) VALUES ((select id from baseline_condition where patient_id=247),121,0);
INSERT INTO baseline_condition_type_tricuspid_valve_status (baseline_condition_tricuspid_valve_statuses_id,tricuspid_valve_status_id,tricuspid_valve_statuses_idx) VALUES ((select id from baseline_condition where patient_id=270),121,0);
INSERT INTO baseline_condition_type_tricuspid_valve_status (baseline_condition_tricuspid_valve_statuses_id,tricuspid_valve_status_id,tricuspid_valve_statuses_idx) VALUES ((select id from baseline_condition where patient_id=289),121,0);
INSERT INTO baseline_condition_type_tricuspid_valve_status (baseline_condition_tricuspid_valve_statuses_id,tricuspid_valve_status_id,tricuspid_valve_statuses_idx) VALUES ((select id from baseline_condition where patient_id=20),123,2);
INSERT INTO baseline_condition_type_tricuspid_valve_status (baseline_condition_tricuspid_valve_statuses_id,tricuspid_valve_status_id,tricuspid_valve_statuses_idx) VALUES ((select id from baseline_condition where patient_id=77),123,2);
INSERT INTO baseline_condition_type_tricuspid_valve_status (baseline_condition_tricuspid_valve_statuses_id,tricuspid_valve_status_id,tricuspid_valve_statuses_idx) VALUES ((select id from baseline_condition where patient_id=78),123,2);
INSERT INTO baseline_condition_type_tricuspid_valve_status (baseline_condition_tricuspid_valve_statuses_id,tricuspid_valve_status_id,tricuspid_valve_statuses_idx) VALUES ((select id from baseline_condition where patient_id=126),123,2);
INSERT INTO baseline_condition_type_tricuspid_valve_status (baseline_condition_tricuspid_valve_statuses_id,tricuspid_valve_status_id,tricuspid_valve_statuses_idx) VALUES ((select id from baseline_condition where patient_id=152),123,2);
INSERT INTO baseline_condition_type_tricuspid_valve_status (baseline_condition_tricuspid_valve_statuses_id,tricuspid_valve_status_id,tricuspid_valve_statuses_idx) VALUES ((select id from baseline_condition where patient_id=178),123,2);
INSERT INTO baseline_condition_type_tricuspid_valve_status (baseline_condition_tricuspid_valve_statuses_id,tricuspid_valve_status_id,tricuspid_valve_statuses_idx) VALUES ((select id from baseline_condition where patient_id=258),123,2);
INSERT INTO baseline_condition_type_tricuspid_valve_status (baseline_condition_tricuspid_valve_statuses_id,tricuspid_valve_status_id,tricuspid_valve_statuses_idx) VALUES ((select id from baseline_condition where patient_id=260),123,2);
INSERT INTO baseline_condition_type_tricuspid_valve_status (baseline_condition_tricuspid_valve_statuses_id,tricuspid_valve_status_id,tricuspid_valve_statuses_idx) VALUES ((select id from baseline_condition where patient_id=301),123,2);
INSERT INTO baseline_condition_type_tricuspid_valve_status (baseline_condition_tricuspid_valve_statuses_id,tricuspid_valve_status_id,tricuspid_valve_statuses_idx) VALUES ((select id from baseline_condition where patient_id=302),123,2);
INSERT INTO baseline_condition_type_tricuspid_valve_status (baseline_condition_tricuspid_valve_statuses_id,tricuspid_valve_status_id,tricuspid_valve_statuses_idx) VALUES ((select id from baseline_condition where patient_id=329),123,2);
INSERT INTO baseline_condition_type_tricuspid_valve_status (baseline_condition_tricuspid_valve_statuses_id,tricuspid_valve_status_id,tricuspid_valve_statuses_idx) VALUES ((select id from baseline_condition where patient_id=336),123,2);
INSERT INTO baseline_condition_type_tricuspid_valve_status (baseline_condition_tricuspid_valve_statuses_id,tricuspid_valve_status_id,tricuspid_valve_statuses_idx) VALUES ((select id from baseline_condition where patient_id=76),124,3);
INSERT INTO baseline_condition_type_tricuspid_valve_status (baseline_condition_tricuspid_valve_statuses_id,tricuspid_valve_status_id,tricuspid_valve_statuses_idx) VALUES ((select id from baseline_condition where patient_id=84),124,3);
INSERT INTO baseline_condition_type_tricuspid_valve_status (baseline_condition_tricuspid_valve_statuses_id,tricuspid_valve_status_id,tricuspid_valve_statuses_idx) VALUES ((select id from baseline_condition where patient_id=85),124,3);
INSERT INTO baseline_condition_type_tricuspid_valve_status (baseline_condition_tricuspid_valve_statuses_id,tricuspid_valve_status_id,tricuspid_valve_statuses_idx) VALUES ((select id from baseline_condition where patient_id=108),124,3);
INSERT INTO baseline_condition_type_tricuspid_valve_status (baseline_condition_tricuspid_valve_statuses_id,tricuspid_valve_status_id,tricuspid_valve_statuses_idx) VALUES ((select id from baseline_condition where patient_id=115),124,3);
INSERT INTO baseline_condition_type_tricuspid_valve_status (baseline_condition_tricuspid_valve_statuses_id,tricuspid_valve_status_id,tricuspid_valve_statuses_idx) VALUES ((select id from baseline_condition where patient_id=121),124,3);
INSERT INTO baseline_condition_type_tricuspid_valve_status (baseline_condition_tricuspid_valve_statuses_id,tricuspid_valve_status_id,tricuspid_valve_statuses_idx) VALUES ((select id from baseline_condition where patient_id=123),124,3);
INSERT INTO baseline_condition_type_tricuspid_valve_status (baseline_condition_tricuspid_valve_statuses_id,tricuspid_valve_status_id,tricuspid_valve_statuses_idx) VALUES ((select id from baseline_condition where patient_id=125),124,3);
INSERT INTO baseline_condition_type_tricuspid_valve_status (baseline_condition_tricuspid_valve_statuses_id,tricuspid_valve_status_id,tricuspid_valve_statuses_idx) VALUES ((select id from baseline_condition where patient_id=150),124,3);
INSERT INTO baseline_condition_type_tricuspid_valve_status (baseline_condition_tricuspid_valve_statuses_id,tricuspid_valve_status_id,tricuspid_valve_statuses_idx) VALUES ((select id from baseline_condition where patient_id=151),124,3);
INSERT INTO baseline_condition_type_tricuspid_valve_status (baseline_condition_tricuspid_valve_statuses_id,tricuspid_valve_status_id,tricuspid_valve_statuses_idx) VALUES ((select id from baseline_condition where patient_id=235),124,3);
INSERT INTO baseline_condition_type_tricuspid_valve_status (baseline_condition_tricuspid_valve_statuses_id,tricuspid_valve_status_id,tricuspid_valve_statuses_idx) VALUES ((select id from baseline_condition where patient_id=284),124,3);
INSERT INTO baseline_condition_type_tricuspid_valve_status (baseline_condition_tricuspid_valve_statuses_id,tricuspid_valve_status_id,tricuspid_valve_statuses_idx) VALUES ((select id from baseline_condition where patient_id=285),124,3);
INSERT INTO baseline_condition_type_tricuspid_valve_status (baseline_condition_tricuspid_valve_statuses_id,tricuspid_valve_status_id,tricuspid_valve_statuses_idx) VALUES ((select id from baseline_condition where patient_id=299),124,3);
INSERT INTO baseline_condition_type_tricuspid_valve_status (baseline_condition_tricuspid_valve_statuses_id,tricuspid_valve_status_id,tricuspid_valve_statuses_idx) VALUES ((select id from baseline_condition where patient_id=300),124,3);
INSERT INTO baseline_condition_type_tricuspid_valve_status (baseline_condition_tricuspid_valve_statuses_id,tricuspid_valve_status_id,tricuspid_valve_statuses_idx) VALUES ((select id from baseline_condition where patient_id=325),124,3);


INSERT INTO baseline_condition_type_medication (baseline_condition_medications_id,medication_id,medications_idx) VALUES ((select id from baseline_condition where patient_id=20),129,0);
INSERT INTO baseline_condition_type_medication (baseline_condition_medications_id,medication_id,medications_idx) VALUES ((select id from baseline_condition where patient_id=77),129,0);
INSERT INTO baseline_condition_type_medication (baseline_condition_medications_id,medication_id,medications_idx) VALUES ((select id from baseline_condition where patient_id=121),129,0);
INSERT INTO baseline_condition_type_medication (baseline_condition_medications_id,medication_id,medications_idx) VALUES ((select id from baseline_condition where patient_id=123),129,0);
INSERT INTO baseline_condition_type_medication (baseline_condition_medications_id,medication_id,medications_idx) VALUES ((select id from baseline_condition where patient_id=126),129,0);
INSERT INTO baseline_condition_type_medication (baseline_condition_medications_id,medication_id,medications_idx) VALUES ((select id from baseline_condition where patient_id=176),129,0);
INSERT INTO baseline_condition_type_medication (baseline_condition_medications_id,medication_id,medications_idx) VALUES ((select id from baseline_condition where patient_id=177),129,0);
INSERT INTO baseline_condition_type_medication (baseline_condition_medications_id,medication_id,medications_idx) VALUES ((select id from baseline_condition where patient_id=235),129,0);
INSERT INTO baseline_condition_type_medication (baseline_condition_medications_id,medication_id,medications_idx) VALUES ((select id from baseline_condition where patient_id=247),129,0);
INSERT INTO baseline_condition_type_medication (baseline_condition_medications_id,medication_id,medications_idx) VALUES ((select id from baseline_condition where patient_id=260),129,0);
INSERT INTO baseline_condition_type_medication (baseline_condition_medications_id,medication_id,medications_idx) VALUES ((select id from baseline_condition where patient_id=289),129,0);
INSERT INTO baseline_condition_type_medication (baseline_condition_medications_id,medication_id,medications_idx) VALUES ((select id from baseline_condition where patient_id=301),129,0);
INSERT INTO baseline_condition_type_medication (baseline_condition_medications_id,medication_id,medications_idx) VALUES ((select id from baseline_condition where patient_id=329),129,0);
INSERT INTO baseline_condition_type_medication (baseline_condition_medications_id,medication_id,medications_idx) VALUES ((select id from baseline_condition where patient_id=76),130,1);
INSERT INTO baseline_condition_type_medication (baseline_condition_medications_id,medication_id,medications_idx) VALUES ((select id from baseline_condition where patient_id=78),130,1);
INSERT INTO baseline_condition_type_medication (baseline_condition_medications_id,medication_id,medications_idx) VALUES ((select id from baseline_condition where patient_id=85),130,1);
INSERT INTO baseline_condition_type_medication (baseline_condition_medications_id,medication_id,medications_idx) VALUES ((select id from baseline_condition where patient_id=125),130,1);
INSERT INTO baseline_condition_type_medication (baseline_condition_medications_id,medication_id,medications_idx) VALUES ((select id from baseline_condition where patient_id=150),130,1);
INSERT INTO baseline_condition_type_medication (baseline_condition_medications_id,medication_id,medications_idx) VALUES ((select id from baseline_condition where patient_id=151),130,1);
INSERT INTO baseline_condition_type_medication (baseline_condition_medications_id,medication_id,medications_idx) VALUES ((select id from baseline_condition where patient_id=188),130,1);
INSERT INTO baseline_condition_type_medication (baseline_condition_medications_id,medication_id,medications_idx) VALUES ((select id from baseline_condition where patient_id=258),130,1);
INSERT INTO baseline_condition_type_medication (baseline_condition_medications_id,medication_id,medications_idx) VALUES ((select id from baseline_condition where patient_id=300),130,1);
INSERT INTO baseline_condition_type_medication (baseline_condition_medications_id,medication_id,medications_idx) VALUES ((select id from baseline_condition where patient_id=325),130,1);
INSERT INTO baseline_condition_type_medication (baseline_condition_medications_id,medication_id,medications_idx) VALUES ((select id from baseline_condition where patient_id=329),130,1);
INSERT INTO baseline_condition_type_medication (baseline_condition_medications_id,medication_id,medications_idx) VALUES ((select id from baseline_condition where patient_id=20),132,3);
INSERT INTO baseline_condition_type_medication (baseline_condition_medications_id,medication_id,medications_idx) VALUES ((select id from baseline_condition where patient_id=76),132,3);
INSERT INTO baseline_condition_type_medication (baseline_condition_medications_id,medication_id,medications_idx) VALUES ((select id from baseline_condition where patient_id=77),132,3);
INSERT INTO baseline_condition_type_medication (baseline_condition_medications_id,medication_id,medications_idx) VALUES ((select id from baseline_condition where patient_id=78),132,3);
INSERT INTO baseline_condition_type_medication (baseline_condition_medications_id,medication_id,medications_idx) VALUES ((select id from baseline_condition where patient_id=84),132,3);
INSERT INTO baseline_condition_type_medication (baseline_condition_medications_id,medication_id,medications_idx) VALUES ((select id from baseline_condition where patient_id=85),132,3);
INSERT INTO baseline_condition_type_medication (baseline_condition_medications_id,medication_id,medications_idx) VALUES ((select id from baseline_condition where patient_id=115),132,3);
INSERT INTO baseline_condition_type_medication (baseline_condition_medications_id,medication_id,medications_idx) VALUES ((select id from baseline_condition where patient_id=121),132,3);
INSERT INTO baseline_condition_type_medication (baseline_condition_medications_id,medication_id,medications_idx) VALUES ((select id from baseline_condition where patient_id=123),132,3);
INSERT INTO baseline_condition_type_medication (baseline_condition_medications_id,medication_id,medications_idx) VALUES ((select id from baseline_condition where patient_id=125),132,3);
INSERT INTO baseline_condition_type_medication (baseline_condition_medications_id,medication_id,medications_idx) VALUES ((select id from baseline_condition where patient_id=147),132,3);
INSERT INTO baseline_condition_type_medication (baseline_condition_medications_id,medication_id,medications_idx) VALUES ((select id from baseline_condition where patient_id=150),132,3);
INSERT INTO baseline_condition_type_medication (baseline_condition_medications_id,medication_id,medications_idx) VALUES ((select id from baseline_condition where patient_id=176),132,3);
INSERT INTO baseline_condition_type_medication (baseline_condition_medications_id,medication_id,medications_idx) VALUES ((select id from baseline_condition where patient_id=177),132,3);
INSERT INTO baseline_condition_type_medication (baseline_condition_medications_id,medication_id,medications_idx) VALUES ((select id from baseline_condition where patient_id=188),132,3);
INSERT INTO baseline_condition_type_medication (baseline_condition_medications_id,medication_id,medications_idx) VALUES ((select id from baseline_condition where patient_id=247),132,3);
INSERT INTO baseline_condition_type_medication (baseline_condition_medications_id,medication_id,medications_idx) VALUES ((select id from baseline_condition where patient_id=258),132,3);
INSERT INTO baseline_condition_type_medication (baseline_condition_medications_id,medication_id,medications_idx) VALUES ((select id from baseline_condition where patient_id=260),132,3);
INSERT INTO baseline_condition_type_medication (baseline_condition_medications_id,medication_id,medications_idx) VALUES ((select id from baseline_condition where patient_id=289),132,3);
INSERT INTO baseline_condition_type_medication (baseline_condition_medications_id,medication_id,medications_idx) VALUES ((select id from baseline_condition where patient_id=300),132,3);
INSERT INTO baseline_condition_type_medication (baseline_condition_medications_id,medication_id,medications_idx) VALUES ((select id from baseline_condition where patient_id=301),132,3);
INSERT INTO baseline_condition_type_medication (baseline_condition_medications_id,medication_id,medications_idx) VALUES ((select id from baseline_condition where patient_id=302),132,3);
INSERT INTO baseline_condition_type_medication (baseline_condition_medications_id,medication_id,medications_idx) VALUES ((select id from baseline_condition where patient_id=325),132,3);
INSERT INTO baseline_condition_type_medication (baseline_condition_medications_id,medication_id,medications_idx) VALUES ((select id from baseline_condition where patient_id=329),132,3);
INSERT INTO baseline_condition_type_medication (baseline_condition_medications_id,medication_id,medications_idx) VALUES ((select id from baseline_condition where patient_id=20),133,4);
INSERT INTO baseline_condition_type_medication (baseline_condition_medications_id,medication_id,medications_idx) VALUES ((select id from baseline_condition where patient_id=21),133,4);
INSERT INTO baseline_condition_type_medication (baseline_condition_medications_id,medication_id,medications_idx) VALUES ((select id from baseline_condition where patient_id=76),133,4);
INSERT INTO baseline_condition_type_medication (baseline_condition_medications_id,medication_id,medications_idx) VALUES ((select id from baseline_condition where patient_id=77),133,4);
INSERT INTO baseline_condition_type_medication (baseline_condition_medications_id,medication_id,medications_idx) VALUES ((select id from baseline_condition where patient_id=115),133,4);
INSERT INTO baseline_condition_type_medication (baseline_condition_medications_id,medication_id,medications_idx) VALUES ((select id from baseline_condition where patient_id=123),133,4);
INSERT INTO baseline_condition_type_medication (baseline_condition_medications_id,medication_id,medications_idx) VALUES ((select id from baseline_condition where patient_id=125),133,4);
INSERT INTO baseline_condition_type_medication (baseline_condition_medications_id,medication_id,medications_idx) VALUES ((select id from baseline_condition where patient_id=126),133,4);
INSERT INTO baseline_condition_type_medication (baseline_condition_medications_id,medication_id,medications_idx) VALUES ((select id from baseline_condition where patient_id=150),133,4);
INSERT INTO baseline_condition_type_medication (baseline_condition_medications_id,medication_id,medications_idx) VALUES ((select id from baseline_condition where patient_id=151),133,4);
INSERT INTO baseline_condition_type_medication (baseline_condition_medications_id,medication_id,medications_idx) VALUES ((select id from baseline_condition where patient_id=152),133,4);
INSERT INTO baseline_condition_type_medication (baseline_condition_medications_id,medication_id,medications_idx) VALUES ((select id from baseline_condition where patient_id=176),133,4);
INSERT INTO baseline_condition_type_medication (baseline_condition_medications_id,medication_id,medications_idx) VALUES ((select id from baseline_condition where patient_id=177),133,4);
INSERT INTO baseline_condition_type_medication (baseline_condition_medications_id,medication_id,medications_idx) VALUES ((select id from baseline_condition where patient_id=188),133,4);
INSERT INTO baseline_condition_type_medication (baseline_condition_medications_id,medication_id,medications_idx) VALUES ((select id from baseline_condition where patient_id=204),133,4);
INSERT INTO baseline_condition_type_medication (baseline_condition_medications_id,medication_id,medications_idx) VALUES ((select id from baseline_condition where patient_id=229),133,4);
INSERT INTO baseline_condition_type_medication (baseline_condition_medications_id,medication_id,medications_idx) VALUES ((select id from baseline_condition where patient_id=247),133,4);
INSERT INTO baseline_condition_type_medication (baseline_condition_medications_id,medication_id,medications_idx) VALUES ((select id from baseline_condition where patient_id=284),133,4);
INSERT INTO baseline_condition_type_medication (baseline_condition_medications_id,medication_id,medications_idx) VALUES ((select id from baseline_condition where patient_id=285),133,4);
INSERT INTO baseline_condition_type_medication (baseline_condition_medications_id,medication_id,medications_idx) VALUES ((select id from baseline_condition where patient_id=289),133,4);
INSERT INTO baseline_condition_type_medication (baseline_condition_medications_id,medication_id,medications_idx) VALUES ((select id from baseline_condition where patient_id=299),133,4);
INSERT INTO baseline_condition_type_medication (baseline_condition_medications_id,medication_id,medications_idx) VALUES ((select id from baseline_condition where patient_id=300),133,4);
INSERT INTO baseline_condition_type_medication (baseline_condition_medications_id,medication_id,medications_idx) VALUES ((select id from baseline_condition where patient_id=301),133,4);
INSERT INTO baseline_condition_type_medication (baseline_condition_medications_id,medication_id,medications_idx) VALUES ((select id from baseline_condition where patient_id=302),133,4);
INSERT INTO baseline_condition_type_medication (baseline_condition_medications_id,medication_id,medications_idx) VALUES ((select id from baseline_condition where patient_id=325),133,4);
INSERT INTO baseline_condition_type_medication (baseline_condition_medications_id,medication_id,medications_idx) VALUES ((select id from baseline_condition where patient_id=329),133,4);
INSERT INTO baseline_condition_type_medication (baseline_condition_medications_id,medication_id,medications_idx) VALUES ((select id from baseline_condition where patient_id=336),133,4);
INSERT INTO baseline_condition_type_medication (baseline_condition_medications_id,medication_id,medications_idx) VALUES ((select id from baseline_condition where patient_id=20),134,5);
INSERT INTO baseline_condition_type_medication (baseline_condition_medications_id,medication_id,medications_idx) VALUES ((select id from baseline_condition where patient_id=21),134,5);
INSERT INTO baseline_condition_type_medication (baseline_condition_medications_id,medication_id,medications_idx) VALUES ((select id from baseline_condition where patient_id=76),134,5);
INSERT INTO baseline_condition_type_medication (baseline_condition_medications_id,medication_id,medications_idx) VALUES ((select id from baseline_condition where patient_id=77),134,5);
INSERT INTO baseline_condition_type_medication (baseline_condition_medications_id,medication_id,medications_idx) VALUES ((select id from baseline_condition where patient_id=78),134,5);
INSERT INTO baseline_condition_type_medication (baseline_condition_medications_id,medication_id,medications_idx) VALUES ((select id from baseline_condition where patient_id=84),134,5);
INSERT INTO baseline_condition_type_medication (baseline_condition_medications_id,medication_id,medications_idx) VALUES ((select id from baseline_condition where patient_id=85),134,5);
INSERT INTO baseline_condition_type_medication (baseline_condition_medications_id,medication_id,medications_idx) VALUES ((select id from baseline_condition where patient_id=108),134,5);
INSERT INTO baseline_condition_type_medication (baseline_condition_medications_id,medication_id,medications_idx) VALUES ((select id from baseline_condition where patient_id=115),134,5);
INSERT INTO baseline_condition_type_medication (baseline_condition_medications_id,medication_id,medications_idx) VALUES ((select id from baseline_condition where patient_id=123),134,5);
INSERT INTO baseline_condition_type_medication (baseline_condition_medications_id,medication_id,medications_idx) VALUES ((select id from baseline_condition where patient_id=125),134,5);
INSERT INTO baseline_condition_type_medication (baseline_condition_medications_id,medication_id,medications_idx) VALUES ((select id from baseline_condition where patient_id=126),134,5);
INSERT INTO baseline_condition_type_medication (baseline_condition_medications_id,medication_id,medications_idx) VALUES ((select id from baseline_condition where patient_id=147),134,5);
INSERT INTO baseline_condition_type_medication (baseline_condition_medications_id,medication_id,medications_idx) VALUES ((select id from baseline_condition where patient_id=150),134,5);
INSERT INTO baseline_condition_type_medication (baseline_condition_medications_id,medication_id,medications_idx) VALUES ((select id from baseline_condition where patient_id=151),134,5);
INSERT INTO baseline_condition_type_medication (baseline_condition_medications_id,medication_id,medications_idx) VALUES ((select id from baseline_condition where patient_id=152),134,5);
INSERT INTO baseline_condition_type_medication (baseline_condition_medications_id,medication_id,medications_idx) VALUES ((select id from baseline_condition where patient_id=176),134,5);
INSERT INTO baseline_condition_type_medication (baseline_condition_medications_id,medication_id,medications_idx) VALUES ((select id from baseline_condition where patient_id=177),134,5);
INSERT INTO baseline_condition_type_medication (baseline_condition_medications_id,medication_id,medications_idx) VALUES ((select id from baseline_condition where patient_id=178),134,5);
INSERT INTO baseline_condition_type_medication (baseline_condition_medications_id,medication_id,medications_idx) VALUES ((select id from baseline_condition where patient_id=188),134,5);
INSERT INTO baseline_condition_type_medication (baseline_condition_medications_id,medication_id,medications_idx) VALUES ((select id from baseline_condition where patient_id=204),134,5);
INSERT INTO baseline_condition_type_medication (baseline_condition_medications_id,medication_id,medications_idx) VALUES ((select id from baseline_condition where patient_id=229),134,5);
INSERT INTO baseline_condition_type_medication (baseline_condition_medications_id,medication_id,medications_idx) VALUES ((select id from baseline_condition where patient_id=235),134,5);
INSERT INTO baseline_condition_type_medication (baseline_condition_medications_id,medication_id,medications_idx) VALUES ((select id from baseline_condition where patient_id=247),134,5);
INSERT INTO baseline_condition_type_medication (baseline_condition_medications_id,medication_id,medications_idx) VALUES ((select id from baseline_condition where patient_id=258),134,5);
INSERT INTO baseline_condition_type_medication (baseline_condition_medications_id,medication_id,medications_idx) VALUES ((select id from baseline_condition where patient_id=284),134,5);
INSERT INTO baseline_condition_type_medication (baseline_condition_medications_id,medication_id,medications_idx) VALUES ((select id from baseline_condition where patient_id=285),134,5);
INSERT INTO baseline_condition_type_medication (baseline_condition_medications_id,medication_id,medications_idx) VALUES ((select id from baseline_condition where patient_id=289),134,5);
INSERT INTO baseline_condition_type_medication (baseline_condition_medications_id,medication_id,medications_idx) VALUES ((select id from baseline_condition where patient_id=299),134,5);
INSERT INTO baseline_condition_type_medication (baseline_condition_medications_id,medication_id,medications_idx) VALUES ((select id from baseline_condition where patient_id=300),134,5);
INSERT INTO baseline_condition_type_medication (baseline_condition_medications_id,medication_id,medications_idx) VALUES ((select id from baseline_condition where patient_id=301),134,5);
INSERT INTO baseline_condition_type_medication (baseline_condition_medications_id,medication_id,medications_idx) VALUES ((select id from baseline_condition where patient_id=325),134,5);
INSERT INTO baseline_condition_type_medication (baseline_condition_medications_id,medication_id,medications_idx) VALUES ((select id from baseline_condition where patient_id=329),134,5);
INSERT INTO baseline_condition_type_medication (baseline_condition_medications_id,medication_id,medications_idx) VALUES ((select id from baseline_condition where patient_id=336),134,5);
INSERT INTO baseline_condition_type_medication (baseline_condition_medications_id,medication_id,medications_idx) VALUES ((select id from baseline_condition where patient_id=76),135,6);
INSERT INTO baseline_condition_type_medication (baseline_condition_medications_id,medication_id,medications_idx) VALUES ((select id from baseline_condition where patient_id=78),135,6);
INSERT INTO baseline_condition_type_medication (baseline_condition_medications_id,medication_id,medications_idx) VALUES ((select id from baseline_condition where patient_id=108),135,6);
INSERT INTO baseline_condition_type_medication (baseline_condition_medications_id,medication_id,medications_idx) VALUES ((select id from baseline_condition where patient_id=123),135,6);
INSERT INTO baseline_condition_type_medication (baseline_condition_medications_id,medication_id,medications_idx) VALUES ((select id from baseline_condition where patient_id=126),135,6);
INSERT INTO baseline_condition_type_medication (baseline_condition_medications_id,medication_id,medications_idx) VALUES ((select id from baseline_condition where patient_id=151),135,6);
INSERT INTO baseline_condition_type_medication (baseline_condition_medications_id,medication_id,medications_idx) VALUES ((select id from baseline_condition where patient_id=152),135,6);
INSERT INTO baseline_condition_type_medication (baseline_condition_medications_id,medication_id,medications_idx) VALUES ((select id from baseline_condition where patient_id=289),135,6);
INSERT INTO baseline_condition_type_medication (baseline_condition_medications_id,medication_id,medications_idx) VALUES ((select id from baseline_condition where patient_id=301),135,6);
INSERT INTO baseline_condition_type_medication (baseline_condition_medications_id,medication_id,medications_idx) VALUES ((select id from baseline_condition where patient_id=76),136,7);
INSERT INTO baseline_condition_type_medication (baseline_condition_medications_id,medication_id,medications_idx) VALUES ((select id from baseline_condition where patient_id=77),136,7);
INSERT INTO baseline_condition_type_medication (baseline_condition_medications_id,medication_id,medications_idx) VALUES ((select id from baseline_condition where patient_id=123),136,7);
INSERT INTO baseline_condition_type_medication (baseline_condition_medications_id,medication_id,medications_idx) VALUES ((select id from baseline_condition where patient_id=125),136,7);
INSERT INTO baseline_condition_type_medication (baseline_condition_medications_id,medication_id,medications_idx) VALUES ((select id from baseline_condition where patient_id=126),136,7);
INSERT INTO baseline_condition_type_medication (baseline_condition_medications_id,medication_id,medications_idx) VALUES ((select id from baseline_condition where patient_id=152),136,7);
INSERT INTO baseline_condition_type_medication (baseline_condition_medications_id,medication_id,medications_idx) VALUES ((select id from baseline_condition where patient_id=177),136,7);
INSERT INTO baseline_condition_type_medication (baseline_condition_medications_id,medication_id,medications_idx) VALUES ((select id from baseline_condition where patient_id=260),136,7);
INSERT INTO baseline_condition_type_medication (baseline_condition_medications_id,medication_id,medications_idx) VALUES ((select id from baseline_condition where patient_id=289),136,7);
INSERT INTO baseline_condition_type_medication (baseline_condition_medications_id,medication_id,medications_idx) VALUES ((select id from baseline_condition where patient_id=284),137,8);
INSERT INTO baseline_condition_type_medication (baseline_condition_medications_id,medication_id,medications_idx) VALUES ((select id from baseline_condition where patient_id=285),137,8);
INSERT INTO baseline_condition_type_medication (baseline_condition_medications_id,medication_id,medications_idx) VALUES ((select id from baseline_condition where patient_id=299),137,8);
INSERT INTO baseline_condition_type_medication (baseline_condition_medications_id,medication_id,medications_idx) VALUES ((select id from baseline_condition where patient_id=20),138,9);
INSERT INTO baseline_condition_type_medication (baseline_condition_medications_id,medication_id,medications_idx) VALUES ((select id from baseline_condition where patient_id=76),138,9);
INSERT INTO baseline_condition_type_medication (baseline_condition_medications_id,medication_id,medications_idx) VALUES ((select id from baseline_condition where patient_id=77),138,9);
INSERT INTO baseline_condition_type_medication (baseline_condition_medications_id,medication_id,medications_idx) VALUES ((select id from baseline_condition where patient_id=78),138,9);
INSERT INTO baseline_condition_type_medication (baseline_condition_medications_id,medication_id,medications_idx) VALUES ((select id from baseline_condition where patient_id=84),138,9);
INSERT INTO baseline_condition_type_medication (baseline_condition_medications_id,medication_id,medications_idx) VALUES ((select id from baseline_condition where patient_id=85),138,9);
INSERT INTO baseline_condition_type_medication (baseline_condition_medications_id,medication_id,medications_idx) VALUES ((select id from baseline_condition where patient_id=115),138,9);
INSERT INTO baseline_condition_type_medication (baseline_condition_medications_id,medication_id,medications_idx) VALUES ((select id from baseline_condition where patient_id=123),138,9);
INSERT INTO baseline_condition_type_medication (baseline_condition_medications_id,medication_id,medications_idx) VALUES ((select id from baseline_condition where patient_id=125),138,9);
INSERT INTO baseline_condition_type_medication (baseline_condition_medications_id,medication_id,medications_idx) VALUES ((select id from baseline_condition where patient_id=151),138,9);
INSERT INTO baseline_condition_type_medication (baseline_condition_medications_id,medication_id,medications_idx) VALUES ((select id from baseline_condition where patient_id=176),138,9);
INSERT INTO baseline_condition_type_medication (baseline_condition_medications_id,medication_id,medications_idx) VALUES ((select id from baseline_condition where patient_id=178),138,9);
INSERT INTO baseline_condition_type_medication (baseline_condition_medications_id,medication_id,medications_idx) VALUES ((select id from baseline_condition where patient_id=247),138,9);
INSERT INTO baseline_condition_type_medication (baseline_condition_medications_id,medication_id,medications_idx) VALUES ((select id from baseline_condition where patient_id=258),138,9);
INSERT INTO baseline_condition_type_medication (baseline_condition_medications_id,medication_id,medications_idx) VALUES ((select id from baseline_condition where patient_id=260),138,9);
INSERT INTO baseline_condition_type_medication (baseline_condition_medications_id,medication_id,medications_idx) VALUES ((select id from baseline_condition where patient_id=284),138,9);
INSERT INTO baseline_condition_type_medication (baseline_condition_medications_id,medication_id,medications_idx) VALUES ((select id from baseline_condition where patient_id=285),138,9);
INSERT INTO baseline_condition_type_medication (baseline_condition_medications_id,medication_id,medications_idx) VALUES ((select id from baseline_condition where patient_id=289),138,9);
INSERT INTO baseline_condition_type_medication (baseline_condition_medications_id,medication_id,medications_idx) VALUES ((select id from baseline_condition where patient_id=299),138,9);
INSERT INTO baseline_condition_type_medication (baseline_condition_medications_id,medication_id,medications_idx) VALUES ((select id from baseline_condition where patient_id=300),138,9);
INSERT INTO baseline_condition_type_medication (baseline_condition_medications_id,medication_id,medications_idx) VALUES ((select id from baseline_condition where patient_id=325),138,9);
INSERT INTO baseline_condition_type_medication (baseline_condition_medications_id,medication_id,medications_idx) VALUES ((select id from baseline_condition where patient_id=329),138,9);
INSERT INTO baseline_condition_type_medication (baseline_condition_medications_id,medication_id,medications_idx) VALUES ((select id from baseline_condition where patient_id=21),139,10);
INSERT INTO baseline_condition_type_medication (baseline_condition_medications_id,medication_id,medications_idx) VALUES ((select id from baseline_condition where patient_id=108),139,10);
INSERT INTO baseline_condition_type_medication (baseline_condition_medications_id,medication_id,medications_idx) VALUES ((select id from baseline_condition where patient_id=235),139,10);
INSERT INTO baseline_condition_type_medication (baseline_condition_medications_id,medication_id,medications_idx) VALUES ((select id from baseline_condition where patient_id=336),139,10);
INSERT INTO baseline_condition_type_medication (baseline_condition_medications_id,medication_id,medications_idx) VALUES ((select id from baseline_condition where patient_id=21),140,11);
INSERT INTO baseline_condition_type_medication (baseline_condition_medications_id,medication_id,medications_idx) VALUES ((select id from baseline_condition where patient_id=76),140,11);
INSERT INTO baseline_condition_type_medication (baseline_condition_medications_id,medication_id,medications_idx) VALUES ((select id from baseline_condition where patient_id=78),140,11);
INSERT INTO baseline_condition_type_medication (baseline_condition_medications_id,medication_id,medications_idx) VALUES ((select id from baseline_condition where patient_id=84),140,11);
INSERT INTO baseline_condition_type_medication (baseline_condition_medications_id,medication_id,medications_idx) VALUES ((select id from baseline_condition where patient_id=85),140,11);
INSERT INTO baseline_condition_type_medication (baseline_condition_medications_id,medication_id,medications_idx) VALUES ((select id from baseline_condition where patient_id=121),140,11);
INSERT INTO baseline_condition_type_medication (baseline_condition_medications_id,medication_id,medications_idx) VALUES ((select id from baseline_condition where patient_id=123),140,11);
INSERT INTO baseline_condition_type_medication (baseline_condition_medications_id,medication_id,medications_idx) VALUES ((select id from baseline_condition where patient_id=126),140,11);
INSERT INTO baseline_condition_type_medication (baseline_condition_medications_id,medication_id,medications_idx) VALUES ((select id from baseline_condition where patient_id=150),140,11);
INSERT INTO baseline_condition_type_medication (baseline_condition_medications_id,medication_id,medications_idx) VALUES ((select id from baseline_condition where patient_id=152),140,11);
INSERT INTO baseline_condition_type_medication (baseline_condition_medications_id,medication_id,medications_idx) VALUES ((select id from baseline_condition where patient_id=177),140,11);
INSERT INTO baseline_condition_type_medication (baseline_condition_medications_id,medication_id,medications_idx) VALUES ((select id from baseline_condition where patient_id=188),140,11);
INSERT INTO baseline_condition_type_medication (baseline_condition_medications_id,medication_id,medications_idx) VALUES ((select id from baseline_condition where patient_id=247),140,11);
INSERT INTO baseline_condition_type_medication (baseline_condition_medications_id,medication_id,medications_idx) VALUES ((select id from baseline_condition where patient_id=284),140,11);
INSERT INTO baseline_condition_type_medication (baseline_condition_medications_id,medication_id,medications_idx) VALUES ((select id from baseline_condition where patient_id=285),140,11);
INSERT INTO baseline_condition_type_medication (baseline_condition_medications_id,medication_id,medications_idx) VALUES ((select id from baseline_condition where patient_id=299),140,11);
INSERT INTO baseline_condition_type_medication (baseline_condition_medications_id,medication_id,medications_idx) VALUES ((select id from baseline_condition where patient_id=301),140,11);
INSERT INTO baseline_condition_type_medication (baseline_condition_medications_id,medication_id,medications_idx) VALUES ((select id from baseline_condition where patient_id=302),140,11);
INSERT INTO baseline_condition_type_medication (baseline_condition_medications_id,medication_id,medications_idx) VALUES ((select id from baseline_condition where patient_id=329),141,12);
INSERT INTO baseline_condition_type_medication (baseline_condition_medications_id,medication_id,medications_idx) VALUES ((select id from baseline_condition where patient_id=20),142,13);
INSERT INTO baseline_condition_type_medication (baseline_condition_medications_id,medication_id,medications_idx) VALUES ((select id from baseline_condition where patient_id=84),142,13);
INSERT INTO baseline_condition_type_medication (baseline_condition_medications_id,medication_id,medications_idx) VALUES ((select id from baseline_condition where patient_id=123),142,13);
INSERT INTO baseline_condition_type_medication (baseline_condition_medications_id,medication_id,medications_idx) VALUES ((select id from baseline_condition where patient_id=150),142,13);
INSERT INTO baseline_condition_type_medication (baseline_condition_medications_id,medication_id,medications_idx) VALUES ((select id from baseline_condition where patient_id=151),142,13);
INSERT INTO baseline_condition_type_medication (baseline_condition_medications_id,medication_id,medications_idx) VALUES ((select id from baseline_condition where patient_id=300),142,13);
INSERT INTO baseline_condition_type_medication (baseline_condition_medications_id,medication_id,medications_idx) VALUES ((select id from baseline_condition where patient_id=301),142,13);
INSERT INTO baseline_condition_type_medication (baseline_condition_medications_id,medication_id,medications_idx) VALUES ((select id from baseline_condition where patient_id=336),142,13);
INSERT INTO baseline_condition_type_medication (baseline_condition_medications_id,medication_id,medications_idx) VALUES ((select id from baseline_condition where patient_id=76),147,17);
INSERT INTO baseline_condition_type_medication (baseline_condition_medications_id,medication_id,medications_idx) VALUES ((select id from baseline_condition where patient_id=115),147,17);
INSERT INTO baseline_condition_type_medication (baseline_condition_medications_id,medication_id,medications_idx) VALUES ((select id from baseline_condition where patient_id=152),147,17);
INSERT INTO baseline_condition_type_medication (baseline_condition_medications_id,medication_id,medications_idx) VALUES ((select id from baseline_condition where patient_id=176),147,17);
INSERT INTO baseline_condition_type_medication (baseline_condition_medications_id,medication_id,medications_idx) VALUES ((select id from baseline_condition where patient_id=289),147,17);
INSERT INTO baseline_condition_type_medication (baseline_condition_medications_id,medication_id,medications_idx) VALUES ((select id from baseline_condition where patient_id=325),147,17);
INSERT INTO baseline_condition_type_medication (baseline_condition_medications_id,medication_id,medications_idx) VALUES ((select id from baseline_condition where patient_id=329),147,17);

COMMIT;